-- phpMyAdmin SQL Dump
-- version 5.1.1
-- https://www.phpmyadmin.net/
--
-- Host: 127.0.0.1
-- Generation Time: May 23, 2022 at 01:19 AM
-- Server version: 10.4.22-MariaDB
-- PHP Version: 8.1.1

SET SQL_MODE = "NO_AUTO_VALUE_ON_ZERO";
START TRANSACTION;
SET time_zone = "+00:00";


/*!40101 SET @OLD_CHARACTER_SET_CLIENT=@@CHARACTER_SET_CLIENT */;
/*!40101 SET @OLD_CHARACTER_SET_RESULTS=@@CHARACTER_SET_RESULTS */;
/*!40101 SET @OLD_COLLATION_CONNECTION=@@COLLATION_CONNECTION */;
/*!40101 SET NAMES utf8mb4 */;

--
-- Database: `chatroomdb`
--

-- --------------------------------------------------------

--
-- Table structure for table `chatrooms`
--

CREATE TABLE `chatrooms` (
  `chatroom_id` int(11) NOT NULL,
  `chatroom_name` varchar(255) NOT NULL,
  `chatroom_description` varchar(255) NOT NULL,
  `chatroom_image` blob DEFAULT NULL
) ENGINE=InnoDB DEFAULT CHARSET=utf8mb4;

--
-- Dumping data for table `chatrooms`
--

INSERT INTO `chatrooms` (`chatroom_id`, `chatroom_name`, `chatroom_description`, `chatroom_image`) VALUES
(1, 'Very cool chatroom', 'Cool chat', 0x89504e470d0a1a0a0000000d49484452000001000000010008060000005c72a866000000097048597300000b1300000b1301009a9c1800000a4f6943435050686f746f73686f70204943432070726f66696c65000078da9d53675453e9163df7def4424b8880944b6f5215082052428b801491262a2109104a8821a1d91551c1114545041bc8a088038e8e808c15512c0c8a0ad807e421a28e83a3888acafbe17ba36bd6bcf7e6cdfeb5d73ee7acf39db3cf07c0080c9648335135800ca9421e11e083c7c4c6e1e42e40810a2470001008b3642173fd230100f87e3c3c2b22c007be000178d30b0800c04d9bc0301c87ff0fea42995c01808401c07491384b08801400407a8e42a600404601809d98265300a0040060cb6362e300502d0060277fe6d300809df8997b01005b94211501a09100201365884400683b00accf568a450058300014664bc43900d82d00304957664800b0b700c0ce100bb200080c00305188852900047b0060c8232378008499001446f2573cf12bae10e72a00007899b23cb9243945815b082d710757572e1e28ce49172b14366102619a402ec27999193281340fe0f3cc0000a0911511e083f3fd78ce0eaecece368eb60e5f2deabf06ff226262e3fee5cfab70400000e1747ed1fe2c2fb31a803b06806dfea225ee04685e0ba075f78b66b20f40b500a0e9da57f370f87e3c3c45a190b9d9d9e5e4e4d84ac4425b61ca577dfe67c25fc057fd6cf97e3cfcf7f5e0bee22481325d814704f8e0c2ccf44ca51ccf92098462dce68f47fcb70bfffc1dd322c44962b9582a14e35112718e449a8cf332a52289429229c525d2ff64e2df2cfb033edf3500b06a3e017b912da85d6303f64b27105874c0e2f70000f2bb6fc1d4280803806883e1cf77ffef3ffd47a02500806649927100005e44242e54cab33fc708000044a0812ab0411bf4c1182cc0061cc105dcc10bfc6036844224c4c24210420a64801c726029ac82422886cdb01d2a602fd4401d34c051688693700e2ec255b80e3d700ffa61089ec128bc81090441c808136121da8801628a58238e08179985f821c14804128b2420c9881451224b91354831528a542055481df23d720239875c46ba913bc8003282fc86bc47319481b2513dd40cb543b9a8371a8446a20bd06474319a8f16a09bd072b41a3d8c36a1e7d0ab680fda8f3e43c730c0e8180733c46c302ec6c342b1382c099363cbb122ac0cabc61ab056ac03bb89f563cfb17704128145c0093604774220611e4148584c584ed848a8201c243411da093709038451c2272293a84bb426ba11f9c4186232318758482c23d6128f132f107b8843c437241289433227b9900249b1a454d212d246d26e5223e92ca99b34481a2393c9da646bb20739942c202bc885e49de4c3e433e41be421f25b0a9d624071a4f853e22852ca6a4a19e510e534e5066598324155a39a52dda8a15411358f5a42ada1b652af5187a81334759a39cd8316494ba5ada295d31a681768f769afe874ba11dd951e4e97d057d2cbe947e897e803f4770c0d861583c7886728199b18071867197718af984ca619d38b19c754303731eb98e7990f996f55582ab62a7c1591ca0a954a9526951b2a2f54a9aaa6aadeaa0b55f355cb548fa95e537dae46553353e3a909d496ab55aa9d50eb531b5367a93ba887aa67a86f543fa47e59fd890659c34cc34f43a451a0b15fe3bcc6200b6319b3782c216b0dab86758135c426b1cdd97c762abb98fd1dbb8b3daaa9a13943334a3357b352f394663f07e39871f89c744e09e728a797f37e8ade14ef29e2291ba6344cb931655c6baa96979658ab48ab51ab47ebbd36aeeda79da6bd45bb59fb810e41c74a275c2747678fce059de753d953dda70aa7164d3d3af5ae2eaa6ba51ba1bb4477bf6ea7ee989ebe5e809e4c6fa7de79bde7fa1c7d2ffd54fd6dfaa7f5470c5806b30c2406db0cce183cc535716f3c1d2fc7dbf151435dc34043a561956197e18491b9d13ca3d5468d460f8c69c65ce324e36dc66dc6a326062621264b4dea4dee9a524db9a629a63b4c3b4cc7cdcccda2cdd699359b3d31d732e79be79bd79bdfb7605a785a2cb6a8b6b86549b2e45aa659eeb6bc6e855a3959a558555a5db346ad9dad25d6bbadbba711a7b94e934eab9ed667c3b0f1b6c9b6a9b719b0e5d806dbaeb66db67d6167621767b7c5aec3ee93bd937dba7d8dfd3d070d87d90eab1d5a1d7e73b472143a563ade9ace9cee3f7dc5f496e92f6758cf10cfd833e3b613cb29c4699d539bd347671767b97383f3888b894b82cb2e973e2e9b1bc6ddc8bde44a74f5715de17ad2f59d9bb39bc2eda8dbafee36ee69ee87dc9fcc349f299e593373d0c3c843e051e5d13f0b9f95306bdfac7e4f434f8167b5e7232f632f9157add7b0b7a577aaf761ef173ef63e729fe33ee33c37de32de595fcc37c0b7c8b7cb4fc36f9e5f85df437f23ff64ff7affd100a78025016703898141815b02fbf87a7c21bf8e3f3adb65f6b2d9ed418ca0b94115418f82ad82e5c1ad2168c8ec90ad21f7e798ce91ce690e85507ee8d6d00761e6618bc37e0c2785878557863f8e7088581ad131973577d1dc4373df44fa449644de9b67314f39af2d4a352a3eaa2e6a3cda37ba34ba3fc62e6659ccd5589d58496c4b1c392e2aae366e6cbedffcedf387e29de20be37b17982fc85d7079a1cec2f485a716a92e122c3a96404c884e3894f041102aa8168c25f21377258e0a79c21dc267222fd136d188d8435c2a1e4ef2482a4d7a92ec91bc357924c533a52ce5b98427a990bc4c0d4cdd9b3a9e169a76206d323d3abd31839291907142aa214d93b667ea67e66676cbac6585b2fec56e8bb72f1e9507c96bb390ac05592d0ab642a6e8545a28d72a07b267655766bfcd89ca3996ab9e2bcdedccb3cadb90379cef9fffed12c212e192b6a5864b572d1d58e6bdac6a39b23c7179db0ae315052b865606ac3cb88ab62a6dd54fabed5797ae7ebd267a4d6b815ec1ca82c1b5016beb0b550ae5857debdcd7ed5d4f582f59dfb561fa869d1b3e15898aae14db1797157fd828dc78e51b876fcabf99dc94b4a9abc4b964cf66d266e9e6de2d9e5b0e96aa97e6970e6e0dd9dab40ddf56b4edf5f645db2f97cd28dbbb83b643b9a3bf3cb8bc65a7c9cecd3b3f54a454f454fa5436eed2ddb561d7f86ed1ee1b7bbcf634ecd5db5bbcf7fd3ec9bedb5501554dd566d565fb49fbb3f73fae89aae9f896fb6d5dad4e6d71edc703d203fd07230eb6d7b9d4d51dd23d54528fd62beb470ec71fbefe9def772d0d360d558d9cc6e223704479e4e9f709dff71e0d3ada768c7bace107d31f761d671d2f6a429af29a469b539afb5b625bba4fcc3ed1d6eade7afc47db1f0f9c343c59794af354c969dae982d39367f2cf8c9d959d7d7e2ef9dc60dba2b67be763cedf6a0f6fefba1074e1d245ff8be73bbc3bce5cf2b874f2b2dbe51357b8579aaf3a5f6dea74ea3cfe93d34fc7bb9cbb9aaeb95c6bb9ee7abdb57b66f7e91b9e37ceddf4bd79f116ffd6d59e393dddbdf37a6ff7c5f7f5df16dd7e7227fdcecbbbd97727eeadbc4fbc5ff440ed41d943dd87d53f5bfedcd8efdc7f6ac077a0f3d1dc47f7068583cffe91f58f0f43058f998fcb860d86eb9e383e3939e23f72fde9fca743cf64cf269e17fea2fecbae17162f7ef8d5ebd7ced198d1a197f29793bf6d7ca5fdeac0eb19afdbc6c2c61ebec97833315ef456fbedc177dc771defa3df0f4fe47c207f28ff68f9b1f553d0a7fb93199393ff040398f3fc63332ddb000000206348524d00007a25000080830000f9ff000080e9000075300000ea6000003a980000176f925fc546000066324944415478daecbd779c24695a1ef87c5fb8f49559b66d7575b59b9e99eef13b33bbb396752ccb2eb00bac1609b1181d2771423f38a4139c747027870efda1df9d8e933be040270984048b596f66dd98ddb13da6a7bdeff29536fcf77df7474454466646a4a9aeca321ddffc62ba3a3b2a223222dee77d5e4f84104856b29275772e9adc8264252b018064252b590900242b59c94a002059c94a560200c94a56b212004856b292950040b29295ac04009295ac64ed9a25f7b3132124b9533b6391989f298020e32bf89327b76b77af7e92fce4e436ed4801276d1b0d6d24e24fe20bbe00c000b8a12d01828401246b1b0b7c5898a5d09f519bec6f52dbbe81e6770158001a004c0006003b0181040092b57db43b0d09ae1cfa5369db547f530068fe3e6ae8df83df0900c4f585be0a60194039640ad8c9ed4f0020595ba7e1c3da5b090972ca17ee1480b4ff67aaedef9abfa96dbf1b6c927f1e9b12d429254b94e0baed8a6b3e28d88929900040b286b7681b65574242ac01c884b6acbf853f4b87374a90c9a6a5742e2d672646d4cc5449498fe6d5542927a746b2b256ccca4a362dd15c5a262985f2919c2cbefad2ca0bffe2bf5cfd3f7c3650f5cd82610240d87f811013494a531300d8b5424f43d45c0d69f134809c2fe8390085b6bfe700e4522acd6734293f55520b47f6a50b3353a9918313e9ec81092d35595453858ca4645212d1640a89123f722320402084ef011402f98c8cafbfbc5a0230e29f5b6e13c461dc0b39c44e82080543d341c9d0745a262b01801dade9e590bd9e0e69f5bc2fec0500c590e01700142746d4d23d073363a70fe7c68f1fcc1466a6d2e96256d646728a9c4d49a0141002605c8031807301ce050cab4d91b7857025c2706dc134fcf36b186e2e88e49f331d62330a9a0e4ad3df6c7f737c6690b083040076944d1f16fa4c489b8f84b651ffcf0280d1f11165fcdee9ecc463c70b130f1dcd970eef4967c70a8aa4c8149c0bb84c800b8071a061b28e93021e20b4ea72d222368408384c60a16c5b5bf0ec897fceb4ffddc7420c47f6055ef74d929affb3ee9b27613f45e2ab480060db093d09697b2da4e973be762ff9dba8fff762469326f78d69938fdf53987ac77d2393a70ee70a13239aacc880cb041c57c0b4394c5b44aabeb09c37f76867f2ad9f13105836c7bc0700c10ec3d2aec4bf37050013694d3a7aff4cfe91abf3babd50b66d5fd0750015002bf0a214651f0c1af0429696cf0adcc444480060bb69fb80d6e6da047e22f87b2e2ded7df8687eff7b1f28ed7dec446174df98962ea425704160bb1c86cd60d8815c9236218e16f1a6a893a8dd5b7e8350824ac3610b65abe10b9133440008e87f11c0d49e92f6e0bffda5d37f5bb7b8f9c6b55ae5e997976f7febb595b9cb73fa4d004bbef02ffbdbaabf557d9008c020ec2f485602004313fcb0b64fb569fa51009300c601942489ec3935933df08147460fbcef7469f2f09e544a96286c97c37105aa060321edaf3089d5e3916f7a6caa3669390825040d93dbbac5f510ad1e9600d11003981c1f510fc912412123a79eba7f34f5ee5363539586235e3c5f59fde20b4bd7bf7966f9fafcaa7503c0a2cf0896fc9fc3ccc0089908091024003054c1cff88eb4a22ff453beb61f03b067dfa8baef3d0f940efee013e3074f1dcee6520a85e9784e3a01de22b4cd946dd24b8c3b3f0dcbb8e8c21108010881e970973161b6d9d5c362006ac0902646d44959a2d02d06dbf5ae59962979d703e3a3ef79706274a16cddf7cd5797173ffbccfca5572f55ae374c760bc0bc0f068b21965005508f300f929500c0860a7e9098930d1c77bec04ffa7f4ea554baf71df78d1cfec45313330fcee646264654c96502a6c361d9bea68fd2d631824b225880f72189f8876e060259630095ba6b392e0fdbd3c300001202800c80c244511b95686b2a00e7806e3208011432b2fc8977eddbfb834fecd97b7dd130befecaf2fc1f7febd6b90b371b5701ccf920b010028300088c1023481c860900dcb18ddf2ef863beb69f04b007c0e448563ef0f127c78ffff0dbc70f9e3c944d1310580e47cd60ad2c9d1008d1bf7e177df3812836d109369402f365dbe00246485bf22db897996256ce447d97e0fa1d57c0765d50021c9c4ca77fe623d3333ffa9efd87bef3c6cad21f7eede6f96fbdb67cce07828510202cf9be82b0d330310d120058175d0d53fda22ff81300f6f9823fb57f5c9bf9f813e3473ff6e4f881d9bd69d57105748347f8e1420ebabe3476d41b4b62508144ff22211dfb1210ccad5806bc58bb33442d1906001580964b2b8a10e80444d1068202b0fc68882411f2c1472627beefc18989e7cfae9efca3a76f5efac699e57375c3bd1a028239df4c58f5fd04e1ef9a004102003d1d5581e067e1c5e9c77c81dfe76bfefd47f7a567ffeaf7ed39fec1874a93134545321d819acefa72ce8981ecfc38075f3cd51724fee85c10ccadd85574c6d68769466900d293254de3a20bf0457c6fc6051abed3f4897b474b4f9e1c7de4e2edc67d7ffccd5b97ffe4dbb7df58a9d95700dc0e01c182ef27084c83000892950040e40b1ac4f00b21c1df0be000803dfbc7b4c33ffda13df77eec89f1bd235999e81647a5d145f03bd41b89f82c4e08485305f6320e48e8f34886e17dc818c762c5aea19969e76e811f45a594a4c647941463bc2b0388bd3f021e100038349949fdfdbf72e2e45f79dfc1237ff0e56b17fee8e99bafea16bbe6b3b59b3e102cfbac40f7194152fc9400408bd60f72f383b4dc495fe8f703d8bb77543df2c9a726eef9b1774f1e9c2aaa52c364a8e82c5a0ff708c989185d2e063846571f40ccde8410d80ec742d9aaa33504c887748f0327a0965268ba945334c63b7379c4daf78f328208c269510280e930982ec7d4a8a6feeaa74fdcfb43efd837f37b5fbcf6d6975e987fa361b25178e1d8db006ef94050f57d0449e8f02e070012764ac18be18735fe817c5a9af9f47ba7eefbf47ba70eed292992618b168d2fdaed73f461e38bd6dd7b3af2ba85f5a2ec66116d32504a5037199f2fdbe190d9b04280e102206db4a0640a1945719968b29d4e14e81f600560d90296cd706c7f3ef34f7ff6fe87fefa07a74ffc9bbfb8f2c6e7bf3b7746085c8f6004411e817d379b05772b0004da281d72f0ed0530ed6bfd83dfffd8e8a99fffc8fee3f71ccca40c8ba1dae031b248e23feff2b1e81ba3fa67199e868cbe3e4a09aaba6bd574b7ee0bff301d6361134b9d18d1d2594d02ef2c5ee89df4d4e33e19160308706c7f3ef32f7efe81477ff8a9fdb3ffe79f5c78e5d54b95336866685e6ff30f045985220180ddaff503275f90b2bbd717fa6900d387f7a48efdfc47f6ddf7838f8f4d320e541a6ebcd492dee9b751667aaf7d45acf093181740c8bc10d1d74709b05ab32dd3e681d67330dc08c05ac7a2f11135a32814861ded0320a47b3e433f4e14dd622094e39da7c6471f3e5e7aefef7de1caf47ff8cab59756aa76095e02d7886f1a2cfa66c15dd91eed6e0280c0d60fc27a4148ef308003d99434fbf31fd9f7d027df3971a0985568dd607e751d891658d29fb626919a7f101b9fc4fc4862defd98eba00473abb6ceb818761a708b0310406ab2a865254a2104eff82ea2ddb45a871f640d2b0450d35dc812c12f7cfcc8918f3db9efe0bffbcbcb67fff3d7af3f8f66d6e635df2c08c28677151bb85b0020acf5477dc13f00e0108099878fe6effd954f1ebcffe123f96cc364a8ea6ef3a5142d66690757253de8be68e7b6a2378d8dcd0c1603d26311463f82f9d61c80612701ad9548ef194d65c2fe101179dd6420aba8db77779940a5e162b2a8a9bffe93f79e7ef4c4e8d4bffcafe7be7763d128a059b579cb370bc26c402400b07b1c7d414cff80aff50fa6357af4e73ebcf7e1bffefe3d87520a45b9eeacd1ec8e225c42225c7f2446aa49ec8b2ae2f6ef2f3e107f4efffae27bc10b2c54acad700002ad3900da9ea2a689b50840eb77175d212e3e3ad0cf57b11c06cbe1f8e8137ba71e3d5efcd0bffad38b07fecb376e3c8766639614bc7a83209b70d73b0877330004d5679990ad7fd017fec30f1fcddfff777ff4e0fd0fcee6b20d83a16ef2685b7f4db0da1510e95e99277a6ba638a00897f692b6573df69c3d1886cb05e6cb2d4940c3f201d0b0094008d293252ded72af5d1906c903e8d38702202621ca7b8e958683624e937fe333f73ff0aed393fb7eeb0fcf3e7f6d417f03cd2e4d011b08320977ad49b05b0120f038e77dadbf0fc0ac4ff98ffccc87f63ef6df7f64df6c4aa5a8d4598bcdb8f64e1112a369da5e56d25de3b7ef2f8081b3fb22cf49486f7c59c30702db155858b5ebe86cb5350c16b606009a22a54b394565bc8bf913f85e087a3f831e16439c1fc172386c97e3fd0f4f4edc3f53f8e06ffdd15b7bfef2b9dbcfa0d9c149f5d940055e0291b31b4160b70140d8cb5f809fbaeb6bfd23a379e5f8af7ce2e0a33ff4f6f18986c9503379f3f5109ddebaf67e3a5d8b7344bf9717afc53a937862c27a7d330c4f900821302c26162b762364ff0f8bdab6d8ffc59c92ce67148531115dbe2c5ab5752fe18f6306b1ce56d1041621808aeea294d794dffcb9071e397ea050fcbfffecc233a6cd32fef56af022054116e1ae8b12c8bb4cf8153473f8f704741fc0cc7b4e151ffd954f4edf3b3395d2aa0dcfc3bf967016bc10bd32f05ac2d67d68fd88fd63ab0143fb926e6c80f4edfb5a3b202504b506b3cb0d279c063ccc1c80b579079345359b4dc98405c2df960a10cf9006c0d93e3038fc57cb667028c5dff8812347de76626cf21ffd87d79f7be36a25e8f790859737b0042f67c0dc4d7e81dd0200819609bcfc7b7dc13f0a60f653ef9e7cecef7e72fa382504d570d14ebb0612e1f79144d7e3c7d6e2f749df453c2dedab09d83ace29518272c3354d8bb58700879e063c3ea26554458269b1f8705fd74cc0385488492822a42f7b817181aaeee2d49162fe5fffd2dbdef7ebbffb6afe2b2fcd3fe73b0603005bf44d82c02f9000c036117ed547eab190a3ef485aa5f7fced8fed7fdb4fbc6fcf3ecbe630196f8bcb071a55ac514212faacc527d0b66f4f6715084044e78b27227e9978fb8a4873a44f9d1711a508ce4909b054b14c8709230400c3cc005c3301c6f26a46267eb462cd97212285343e1213058822d2f7d1516b20e2ef9f100235dd4146a3f47fffef1e7afcfffaecf9917fffb98bdf16a265ec1a0981809300c0d60b7fcaa76ae3bef01f077078ff9876ea373f33fbc4834772d9bac1c03be2f951157b24e2a341347efcfe24a618283a6a30d89c0e42bad7115042707bc50a9a696e5512900640db3796ca8835e6df190568fa05c4403600e9131744977b1bf427b21c0e8912fc9d4f9cb8e7f46c69fc1ffcce2bb94ac3099abe066c200815eee808c14e0680805616e055ef4dfb94ffd889039907fed94fcd3e72646f3a550d97eb92683a4d42822f7aecdb53e8fba1b1e88f9676c301126b1a44f72058f01c80c34e020a407aad11c89e522a2504694bb42251dc7d300700219db7ae8bb9d5cd8c20003803eaba8bef7b686a7c24fbe8f7ffdafff34ae6c6a2ae86cccd60a0ca8e8e10c83b58f803cd3f05602610fe77dc3bf2d86ffcd5c3a7c7f2b25cd559f3bd88d0cced5a59ac4bebf70015f4d040eb786d3a8a7e42c21f1535e002e13e00c3ee04144e034e4f14b514e322640991fe65bccbbff4db3e4df47b4f11e40cb878e8d868e1b7ffcedb3ef06bfffee5ccab97ca8153530a9da4b1534140dec1c25ff4857f16c00900477ee889f1277eed53874e02048db5105f74d88ce00e0b4e62e97bb77015e93b91258e05936e454251a604011c87616ec5aca2b511c8b0ca80d74c004da1e9d1bcaa3157f408de13f49c86d28f64473a0c074f31aeeb2ef68f6552bffd8b8fbff7d7fefd4b99afbfba100c720dfc1b4179f18e4b1f9677a8f08fc0f3f4cff836fff14fbd6beac95ffe9183c71817709997d52748bcf84479da072ad125f18229baec2ffab1f149bcc8477ace493cc3a020301d0e3f07209c04344c27a002402de6d4743ea3289efc93c82f2cbac92e7a8046e45ffb33017a3d17c36650554affe9df78f8897ff40767d4bf78f6a68c505a568851ed2810d849001038fc0a68c6f88f01b8e7a73fb0efa95ff8e8bec396cbe1b290534cf401f2a4a3b17efc0b16190520f1bd7ea2f61771aa3dce7918b7af88f621b47d074a09ca0673ca7527a0a9c3ec03d0920434565033d9944c04ef439393fe1d80ddbd807d1e24f6b9347fb41d0659a6e47ffda9d38f643559fdc3a7af060040db7e79c780c04e018076da7f14c04900c77ee1a3fbdff9b31fda3bdd309907c1a43d7c14d6fa225e40bb3eb1ee69a9a2cffd7bd60f44bc7762201edc994d28490435ddb50c9b3530fc24a0300068e3236a5655282ca73d07a0f51990589b1e5dc0b3bf2221718793d01d974350825ffd89fb4f690aa5bfffe5cb01c309becc22bc84a11d01023b0100c223a502cd7f1cc0f1bff903fb9ffae90fee9d6e981c5c744faee9c7768f49a48ff93732905fa06b53913bf439c4262711effb1b16731d579868d6ba0f6b18480703902981c9bbdc438141db010dec32bcd3e532c0b4187ee993f7de274994feee172e52b40e2c0db66def18947788f0e7e185fa0ef9b4fff8cf7ffffea77ef643fba6758b838b7eecf101d368496f40e97decc15a7a455e0b19b07948445a6ddd6436e31de3c0302400580b014e1553198f05b585ec48ff91806eedd022ef61fbb1bb4d611ae019ba02102ec7dff9c43d270181dffdc2a530b00651966d9f27b09d01203c4e3af0f69ff485ff5d3fff91fdd33583b5d5bf0fa8f1a3df98d8b2d3c18eddc5f93488c61f8079447511a720985fb50c348b59863d0f3028ced28a39556d1f8e42dabfe33ac3a27ddf3fd1e56d1bf0dc8c09e816c32f7ee2e449c715ec3f7ce572a0b4c22656e07b49006040e10fd27bc7d14cf239fae3ef9c7af2673eb4ff50cde07e53c91ef63819800a0ed8d27bd0b25ed2df5880818f1dfeee1ded4308095a818787670e9b016800b45c4a56dab32c071a0b40ee9cd68b0d310d9ac7605cc0b0187ef193f7dc5f375de74fbf7d9db5995a01d8ba0900f47f7715786997416eff1100473ef2e8f8db7ee987a78f593607e7221effd79bbe2bfaa080e1f092e8fb3d69fa1b453f8c7eb063b75c7bdbef710e2c79494001000cd301d8d20bb0945735267a30a12eb30d217a68fb3846d70f940af4dde7b17d1fc601c2805ffdf4a9870c8b395ffcdeadf0bd0e80c0c036ac2294b729288585ff388063ef39557afc1f7c6ae65e9771780325a27cfb9d9efdae749fb4168c4457a78998261c225e1245945d1bdd0caca5a9483fc746fcb13ba30c020ee3985b35030630cca9b92d7500aa4c33637935e57502eaede327319e7d31107f8fffbc3f0414888b47b66794b84c4091287efd271f78ac5cb7cde7cf2e05f798855880816dd64f806e33e197d0ecd5bfd7b7fb678fefcf3cf8f77fecd02902c0758517b36df7b7a26d0067af8d9066314acb4622f745bffb8ab63c845e5b58e3f7736c90986391c8ebb01c8e858abd15b300c265c0ea48564917328ac219ef793f62bf63378d1c7b6fdbf723f1fb8a3bdb6c57409608f9f59f7ce089d9bdb987e145aca6e17520cefba610490020fe5a028fff1e78597e87a78aea7dfff8afcd3e5acaca92697b7de43aef3d19e03935bdd0519ff7fe6c3d9fc75f872024e2f7a3af0324eefaa28f410841c3646cb5be06002e869f03a0005047f36a3a9b9229135dee859f5417fdfdba7fde4cc80b8e41422c20fc791fcfa4c7b1bde7d0b90180610b4c94d2ea3ff99947de3d594c9df641e0a0efcb0a5a8d9104003ab95a20fc53fe4d3b56c8c8f7ffe64f1d7dfbe1a9b4a65b22f281f6d4fc6dfbaefd86206d1ba28f1bb76fd763f7be8ee86347efdff59a3b8e1db2a50841b5e198bac986dd0d389c03a00150c747b4aca64a1d519bf0f76bade08b69e715c574e2c27a914c7130664062af239ea1344c8663070ad97ff6738fbe3f9796eff71dd8d3be599bf6ef0b4900a0b9da9d7eb30066ffd60f1c78ecc1c3f94cdde06ba6f8a05b2c531411db461c5bf4d8fa7c1f073e6ec4f1092558a9db9661b3f034203624406f6100a5bc9a952502ce9bd71a5ce840cf40dce11673ccb8130e7afce0cbd70d170f1f1b2bfcfc47ef79a7ff3ecff8666dd107816d217bf236b986349aadbb0f0398f99127271ffbe12727a72aba3b9847ff4ed63088f110bf0325c062d936848081d632e0619a00de2c80929626647bdd9fcd3e7eb5e1e0c7df7b78e6d2edda3bffebb7ae1af07202f4903966608b9384b61a00c239fe41ebeed9a74e161ffde51f3a78dcb25928dce7c77045dfed7041fc364fd1a4a73d7d9046ec1b533bd8730847cbcefe2144f88fe631e2067a0bd1798cb8e12131d74108305736834696c3ce020c77024aed1bcda405474b39eeda77274dca2f5abe0f898c8e10d2aa3cbde740a3df89c84cc0a808638cc75f88881063380ad0facc44e83a84f0ba0bfdca8f9f7a60b16235be79662ee8cae48600794b6b06b61200c25d7c83765e33fbc6b4937fef9387ee2784c061a235e425e2853e7aa064d4438d790362433edd8655f610fa563842e4a8c181d28549778c69bb4742102c57edad4a026ac901181ff11a81b4a501c60038e9f18cfb99ac14f31c069a1f803ee643b47d9f36307699802cc9f87b9f3afdd8f99b95db732b46dd07013de493d9b24cc1adb443c2d47f3f801902ccfead8f1c78686f49934d9bafcb06bb932d96d589017d0631fb029b7cfd6d7f675c04598061fb7fe84940b24452a59ca205b300b6f4396cc166580c7b47d3cadffaf8c977108223be43700a5e9a7bd058e4ae62003424fc01f53ffc13efd9f3f8fb1f181dab1a6ca082193248c10c89abde1f20adb78716117db107d255dbf451e1d0b5788510c0b239e657adadc8020cda66a900b4918c92296615d5e5d1df31fcfd08d95876144d00072bd2223d9e55afeb2084a066b8f8c8dba6f75cba5d7fcfef7cfe5c035ec9b01e7a2ee65698025b0100419e7f0e5e82c44100d3a76772a77fee43070e9b8e88d502a2fd6509fd8320038cd68a114c21067989d09fc92042fe8b2873bd4717e17eae239cdf1e1c9f1202dd667ca5d6d209682b6601a8a3052d934da9948b76d70689d4f283965a0f34314874796631a9e0913520027d8350f09d75cbc5cf7ee4c43daf5c589e7bf1c27219cdf6e256c82fb0eb4d8020d577d4a7fed3f9b47cf4977f78e6942253384c6c30d66c804d3fe463930d0811534a50375cab61b17016e0b02300411250a63307e0ce6df1f5b2a3fe9f19b9e3f721fcb9cb04244af1cb3f76fa6df98c72c2577e7be0b5b8db125360d80010a4fa063dfd0e0338fcb31fdcf7c8bd07b329dd644d3b76109b6e33ed3d6cd2be31fb63838e4d29c54acd31758b3586ec03684f02d2c6f25a56a2049c8b909d4f22ae9bc47c7712799f10b57fecbb423adeab350d1f790c129f2dd8e1db21317e8ace7d75cbc53dd3c5cccf7de4c453fefb7f085eaf8b3cb6204b70d80010f6fa1f0070e0f4e1fc7d1f7b7c625fcd70fd508cb789c85b0f0c92c82d064afaeef6799c417207d747e2ce39e87574ee4f08201181a5aa6571de320d880f11e8d73a014d9652194a9bd74ac800df9bace79e46df23d1f1ac10733e74b9ffe1fb1cf7cc238e11bab69ae1e047de7578e66df74c3ee2b3e07d3e23ce0cdb2c1f2600045effa24f7b0ea6557af87ff88103f7a932f52bfc42b770adc0a5b9ad6983f66d0d6d5bb7a6426a4d958ddab7dbb1bb16f184f3ccc500c716c1b107f98e715ef3ceeb2084049d804d0c3709a8a31390370c046df7099df728eabe76143c9156cd0f74dcd338060900a4fdf7dbef778706271d9abcf93de2f647e7f709a50f73262011825ffc91fb1ec9a79563be320c5880364cb9a4433c4f30c5678f4f7b0e7de6fdfb1e3d3d93cfea16bb433b78236cb8418fb0f5b6be10ddbdd18be5b50840781cd8309cbc2d390093452dc5797fced9f84e4a719ef8a8a9427ddc6f31b8373fde5f4062bdff1dbd0ffc8f0c9be1c4c162f66f7efcde77c24b133ee03bc573683619dd355180708dff3e00fbef3f943bf9c9b74fed6ff8763fe21ced2d9f9181f4d7405d9e0819ac5bcf005ee096fdbb4ef1c1404d4283b25911010a2e07162b2d21c0610f0455006894927431a7797d00ba0839e9274ad27e9ab8b6ef316dd404d0790d830c7541f4ecc5f6f736f6bbb49dafa63bf8d8db67a6bff2e2ad07be776e71de8f0a54d16c1ee2ee06000877f59df491eee04fbe77efc9944a513759ff9edfb61051af78bbe8a6510619c547fa1f3d4536a04168b7f1551d8a53c04bfa6f5b8ecbb150b6c2adc0873d0c4405a01632726a24abaa8c8916cb9b447cf7811ba1ae357589511611fb46be53a4cb0cc71ecfb29574b41d47c4939760649b4429feda074e3cf8c285a573828b0a5aa70c6dbad3761800a0f8b42648f73df0be07461f78f29e62314efbc769c2380d4d6255fd6063b784d8086ddffd91897ea4bd1b3845cd0311addf41a20486c5c462d5da8a79808103d00b01e6b46c2e2d532eba6b70d195e5f54881eeb7716ac0ba22721162e72ff4c1480862a633c78d6b0b2ddde278785a19fdf0e9e2e39f7b797519c08acf0486921b200fe16508c27e5300f6e552d2cc4f7fdfbe639c0b34edc23e414e740e9158935111276efd8d9889ec24163a9de843caa38b8fda104af4384e173013919cb7edcb0b80128abae1da0dc30de7000cd304588b0094f26a26a54870186f299715ed063b6997a0b8ec2b0210d1365db8f3f98af0cd0cdfa7f061827f8f1450d1799fbb68a1d6ef23a26dfff07721d49bd9505d806eace0d3ef18bbffd9f3b50bab0d7711c002bc4c4173b39fdb663b0183b0df18bcb8ffde4fbc7deafed9a9b466dabc5540dab7766f7080dea17d821f7b4df48aeac511d59e4310d2baadc582a39b7910425ab6d8ef133a6347b799983e21bdbe7b4b9bb2b67d29012a0dc7d26d36ec56e04104203001b4525ecdc81281e0515f9174f647e926fcc1fec17311bd3bad75380a43f7aef518d1dd9c3a7e3fc2f117ae6a6cc921889c812abc6a46cea1976fc3ac2ec26602534555f9d127461ff17d647be0a5c9a7b1c9c941f2261f3b85669dff8199a9f4891f7f6acfa186c5fb70b8f59e0fdffb102476dcdb20cec1687240063419a21c1731a6489c0d20fab8537e179b9ae1da8ecbc38d40869503d0d20a7c4f299da5510ed6d86733c0c4e05e957d02315abc3fdf0ce9768c8ec7493ad300227ad4122a81b936f4955b608e0e42244000bac5f0d187460f7fe36ced81b3378d0500abbe29103412e59bf5b0364b1304da7f34d0fe3ff68ec9932319993026faf0f2c6db7002311378ef700dd2fda75f875e94d3a87beacb8061a98817921002dd622e3afb000c7b1c9836554ca7c400518df85e7d7df54c45af90702b6b20319dbd48ecb3893e1fe98a416bfb52098ed9407de91a5cc70088b4f66f8c039a4ac9471f2eddefb380bd2116b0698a7ab30e1c4cf21d81e7f9dfb377549b7deae4e8846ef1d6977ce05eef3163b863fac2c77a00062a1eea6fec54b75836e9ea8a207d1d9bc4ee8b0ed364a56eebd8da56e02a002d9f9255c1238473adcf46dbf314fd78427b6bf18e7bd88fd64794d61f60c6446c7b03024228ecfa2a8cca0284f0cd80b6e3e916c393c7f2fb6627b57b2e2d58f3bee37c25e40be09b21a89bf11204d57e63f0521df7ffb577efbbaf9453a8cbd7af8406d5ca64404d1dab11d6a9edfbfb3e245603f57fec4e86e1270119682d041a26006800529994acf2d86b2731cf60fd1abffb3decc79e0f9f7390f721e61df5055d2fcfa1519ef39cc431c7651c482b12f92bef9878145ec46c2f36394578330e1a68ff20ee3f75644ffac8fb4e8f4eea16ebf0929328ef769c6bbf4b1420d296267dd8e13da303ad3eebdeef7f5c7420ee14a2e37b4745120889b94f115100210496aa6b8d40863d0e7ccd014809d10a5955652d4940cdb65ebd12657af93f4894b39034d38d5b1d6f515e7c12fb0ca23dfe11676c3f44f857240aeebad0576fc331eba054eac9240c9be1f1a3b9c9530733f79eb9ae5ff3956819cdde0162a31fd866804a50ee3b0560cf279e9c3a9e512961fcceaebd13893770aa03e97ecefeb4ff9df919c4c04f9744829ec30416ca6603c31f06d26202e4d272a6985554cfe713d2d96b88ddf9ad45db7f5e118d8879fa6dffad69d6f6e2a8d629525dabfd62b57e14438879be048024813916eacbd7e09835104a3baf37e23f2e0428017ee8b1d1538460bfaf448bbe52953743583772493ef55bb3fd4feccf1e7bdfe9d1c986cd23ef98e862bf774b196d01ddaee1feb81cedb827174df7451ff6781c387477824567a6451fa3b7af8482c0b419162b5615ad9d8086d508249403a065f26945e2bcf501895e0d55a21801e9c304129dced08efb2fe27c0bd11182ae581f9542e08784ed5a60efb3354f7fbfcbb0391e9bcd4e3c78287beaa52b8deb00167d5f808e0dce0ba09b0028191fb1a6004c7de491f123694d6ae9eebb6eed16a729076df43888761e200d78f0736c40c153db1b4a29a09bae53f39280ac219a00a40300b26a3aa549840fd26e2df619f43f8909ed7919a173f61de7f7730efa9dec16cc992400f4f2021aabb72004f7ba4d0fca4705204904ef3959380e2f2760d257aa1bce02e40d46ffc0f9370e6062242b1f78ecd8c884697789fbc7c5cd23353ae9cf945feffbdb670a2f19b49027ae896c1cdb10eb87040a82aaee9a86c582765336869b03d004809c9a55a804c775dbb4258957c27de60b74add6135d527bdbd964475e06192c5124483624149cb9d057e7e11855bf753959f74b6a58028fcee6f6ee2d2a476e979d9bf042824b68b615171bf5c036124cd261edffe187264eec2fa565c70d0a596232fe623e276dff0518106cad4edde894bff66c3d42baf4092051d9809d57d2aa25da33febabd2b1173ea22cf177d7ded57d27a4e7fcc16a558aada75d3618bf0d2496d0c270d38b0ffd73a014d95d259429b35f7515e7812c1c0dbef4767cc9d447bf143fb23667f113b273098d5d8af9f26f49e52098ed5406de12a6ca3ea6b7d72475e29c605463292f4fd0f964e8758c0867711a61bf8f083c49f128089b42aedfbd083e3072c677dedbd11f3d920639b02fbafdfd653dd66c90dd2fe3b7af4544473919803c75e5ffb4bd5f67d282148ab1455ddae02988357556662f8e3c0bc24a0522ad544ea1e743fdc6ca3cfe9c71d3e9ef03d8c49da21dd8ed1a787b675280885595f457de906986b8380deb13f3ad84c5be09d270ad3a5ac3ce347038abe89bded00203cd9771cc0d8db8e1766672635cd76591fdef7fe5a3e7578887b5af083440710e995458457b97b4baaeeadc2da8f1e77c6a8365f51f743a204194d425aa3301d97bd79a3baf8ec5bcbcf03b88d66d7d9ad000075bc904a7131409c83c43f838e7f21c2c784b6fb19b0c3181f7eeb3110710cd17dce6cf03e10022138f4ca1cf4d55b80e06ba1da8dfacfe51ce3794979ea44fe1e5fae46b1c1138637ca071038ff4a002628257b7ff0b1a91926485bd65fff9d5de343f511a3a5a28e417a78ce23f6efd028a1cfc44092d0235fbcc3de8d48e76dbb8eb0e79c0050550a45a258aad9ee37df589c7bf6ecd2a537ae55df5aac58671d975f805751561e2200048a40824746d4d18296624c44b62fefb80724c2b34662bd05d125c36d4597a42d7cd7f20ec5f91bbabd2d0103a05e88afb1720baedd00a152a88dddc6de50c71578fffd23c7be74a6326d3afc3a80f9d07375b60300849d7fa300c68eefcb4edf773097b71c7e678e733240388d0c7860d2dba3ded3d148fa03b3f039fb764e45e5b8480429c57bd9cedea8569e3eb370e9e95717cecd97cdcb7ea868d17f4116d1da5862d80327782e25936256f19280ba3d9cc828684cbaf740cd5de2b33d3b7188f47c7fd6708a4ab08d1af4d5dbe0cc05a1d2263aa601cb153834a6661e98ce1c7dee62fd0d5fc906fe9d3bf6ed6c140004f47f0cc0f8fb4e8d1dd2e4a0db4f5f4ed4fefe21a61a90902e9579fdb8f5bbfb9563154edfa5fc61ed247a5f5f67d30a20adc9301d8e172fac2efff9f3375fffd61b8bafb94cdcf63dc32bf0aac7cafe9fc1d41913c34b02821f6d700198a3798de7d3aac43806688540a2fb32ac635048bf511a42487f924ba8d7cbafb208b3bae89d256aa0ec26dc690282c76673879fbb581ff70120e73f676b3b008012a2ffe39a42f73c385318b7dc41e228fd2db1892dd3a35f9a3ba42c111f8b9e3aaa55fba5544fc33cfddac2adfffc8d6bdf3b7ba37a1ec04d9fe2afa2d941460f097dd0006498c22fd01c7155cea6143da3299410c0b4597fcc89f4dbdd272e41a74b779f8efe1ca4ef281da112b86b432fcfc131ea1e68c4e4876cc6cdb65c8153d3993d85b4345d35d80d7839018bf04282f656024040ff83b2dfd2bd0772070f4ea4530ee31d024b623301e3ee6444451c89cb048cab06ec2f814674f151f47b7db13ded44f385237d7c790140922852aa84b3d7ab953ff8da9597bef3e6e28b00aef90f7ec1a7f8557833e78d36a1e7183eed17fe35340094cfddacbefabffcfe4b7ff2990f1c7ddff1032305dd72d75abfb7dbf92daca747c66364e3cf7efa418ab54069b4b4c6000aa1121cbd0abd7c1bdc759a945fc408fc26dc7587094ce515f5a143d9a34f9fadbe198a06041d9fc4560180042f3b29ef3380b177de5b3aa04880ed0ee636eb97a76fc451e3a9b718c0a68fb32322bd4b6b8321fa692d964929d02d97ffee97afbef19f9ebefa2ddbe597e179f56ffb821fd0fc70cbefad10fa3800587219bffaed37e6bff2d2c5e5e59f78dfec3b3ffef8a1a39994448d301be8a79967e012ed68cc12d71134aa13e79af7ce6718a2a70f81fad9876675117a65c1ff75dab32c6cb31e0017024f1ecb1f7efa6c75c20780201a70474ede3b050005cd9e7fa3235979ef63478b1341ecbfaf9bd3a56b4fe4a722426063fb820d98d2d5e510fd99a5043d0b1bbb0c3e9528415a95f0ccd9a5f97ff7854bdfb93c5f7fd9d7fa73be736fb94de30f2bc77f1000d07dbf040038bae5b27ffbb973cb5f7ef1d6fd7ff3a3279f7cfc9e8952dd74c13b6681c754e6adf905faafd88b54efc4ab928c640ea25df8a9e7e52fcfc135eb7eff3e12f34e8ba12080e508dcb73f3dbeafa4cedc5ab52ffa3217bc0f5b02002444ff8b008a0f1c2a1cd853d464dde2038d70ee77f886e87a8c01c27d5dcf4a7a6242af63905e5d69233e57150a8912fcbf5fbbf2faef7de5f25785c02500d77d7b7fc9b7f31b186e83cff538012ddf34e13e3bb100e897e7ebd55ffddd17967ffa43c79ffae43b670e7321603bbcafc19c22c69eef7dc749a40fa65beb7642296ca38ec6ca2d70d6a4fc620014dc8cc538904b51fac84cf6f0ad557b045e5660da57c2f65600801402801100a5278e17f7b6d873fddad26480bb1b65c275ebd230c07c781237ada61d08ba1d23ca39d49e6dd6a6c9d2aa8472c3767efb2f2f3cffd557e79f067019c00d00b77ce10fe8fe307bfbadfb5df56929f7afd7f65941d561dcf8d77f79b6fad68dcae37ffbe3f73e38925565a3dd4128faf0d98818bf409c29111a094fa2a23108fa1370e8e50598b56520a66b4f4f81df44587619f0d04cf6c05fbc5c1ee7428c84cc0063bdefc59d0280e65f44be9855261e98298c76c4fe7bdc1b3a80052f629c6e74a011d1714433e661923efd457db09028729b4bc978e35ab5fa9b7ffcc617ae2fe92ff9c27f154d2fbfe10bff7617fc28100800c0849793d000d0f8faabb72b37961a2bbff6a907df3933954bd74d77ad3d585f9597c1300f12c310c2bb8aa0b0afad3438f46c0995e0da061a2bb7e1da46572fff563100cf0ce0383a912aed2b29876eacd86fa2394b50da2a00085a3f29f74fe7c7c6f2aa64d81c18a0abad205d501fdd7b0286db82f46fb8aca3eb6c9fd72748777610b64f0908b22919af5dad54feb7fff4da9f2d56adc0cb7fc5b7f7c32dbd0476de12bea912d4b007dd892d00c6855b55f63ffdce77ad5ffdf107df7d7a76b45037dc0892d743eb8bee664378fa5047a65ea876dfaaaf422fcf433006128c3116eb14f84d7c521c4046a3e48183d9e91b2b2d66808c756605ae1700da4beac423b323936bf61c1944f6bad8001d9980a245cb7654e60d20f024a69b4edc65f435ed4b88d8ee9fad716e826c4ac20b175696ffc91fbdfe17e586f322b066f307c21f3482dce92bf0057034e7ddd900d8fcaac1ffe1efbf60ffc39f78f8fd0f1f1d1ba9190e620605344b06c3f9f82daf61e81904fbb5840d9bbdf8bce08104c15d34ca0bb0ea2b1edda7f48ee577b3915a08e0e8a416cc0dc8870080ace7f4771a0560004c4da1cee999fca42c01b24cc0397c2f6fbf57d46f4fc0d67d7b45014897e880880c319258f22efab9be78b7957fe95e6fbc7c5ac6d7cf2cdcfeadff76f6b386cd5e0370c1a7fd41faee4ea3fcfd8080e3fb32189aa14ba7d2b0eddff88317d8fffce9873ef8d8f1c9624d77101fa6132dd38562df1fd254189d2a8b0084c2366a30caf31ee55f8bed8b7508bc181a020878331f0f8d6ba5b44aa70c9b8fc0cb0a547d46ee0e0b004408d96b8a4cab676fd4cf951beec17c5a2a14d24a3aad4944912924dabcb75c009c0b70e1576089b87b4efaf403888dbbe97e389244bd48e8b365590f13400820a37936ffbffcecb9cff9c27f3164f33730dc061e5b6112841d560280a8ea0efdc7fff165e51ffdf5473f70efc152ae61baed1653eb23896d0fd665208880a7e1b98051be0db3b6e23bfaa40114557f1a7a3397c304260b4a7a7a54ddffd69c990f3902d7050044f471c531a11a05cdf2dfbd00f61182694da67b8b3965622caf1647b34a7eaca016f614b5dc7841cd8c17b46c212da734854a9a4ca5942a4196bcd00b84070c8c8b359068bfa19d6140d1eb1a3148014924ab1fd0a6e99638945265dc5a368c5ffdfd573e3bb76a3c03e0bc2ffc01ed7776a9f047f98f82e6317b001c037072b2987af89fffcce3efdf3b9ad34c87753e9710a5ef6b304ca8f90ba114cc36a0afcec3366abead4f3608d786070000905628fee3b34baffdc98bab7f04e04500affb0a440f5f503fb27d272640e0e95df55f5a43082c9b0ebf38b76a65e756adb4ef200cb634252493566936a5d27436256746736abe94537293235a7e4f31951b2f28e96256cd16334a2a9b9225cd2f790d20dae500e71e4888108be8edaae8cf21194d264857c6d0ef5214094b55cbfa8dff74e67373abc6777dcd7fc57f705b55b5b7558bf94c2070cb5100f242d924bff987af64ffc9671e7f972a4bd465bc15dcc58082efb7ea02048cd50598b52570ce076ed2b9ad9c00f0deff93fbd27bfef4c5d531d1ea081cd80f702700c0432f6de0ed5d86971a9cf26949cbc685d01a16531b1653976b8e7a6dd1d0fc7fd3fc2f91922592cda7956c292b6747f35a7e2caf16260b6a6eb2a865c70ba9ec4846498f64642dab495495292489ae4de55d038735f3c2fbbcdf2122fd0affa0893e84122812c5bffefc85e7af2e34bee76bfd6b68c6f89dbb48f8db154805cd9c12f5cdebe5cc6ffff9eb63bff2c9074f31ce9b43547b3c17d2c1ec3cadcf1d0bf5f21c1cddefd347e8a6dee8613c448701074a5a319f96c6ab06cba299104407659077ea040c72d083397435ff98b2ff50a5d0df832d181b15fe330002d565425daddbda6add562ecdeb610691029051649a2e6695dc684ecd97b24a6ebca016f69452b989bc96195b33312439a54834ad11aa283228f5de0a2e3cf3c203098f22b5b68c8e79b906685b1e651a6454199f7dfec6e56fbebef06d5ff003e1afed629b7f5010b8edbf03d92fbe78e3b963078aa51f7e72f640c374fa30bb5aed7f42bc9c7db3b60aa3321f59c4b393118071819194244f8f6953afddd0b3f00a83d6e507d88872601e0281a8ce9c34620b8383140110e12dcc2234c7e5ca62c552172b56f0592a0c102955caa6649acaf8264631a7e4264752f93d252d375150b3c59c9a2d65552d9792e4942a11592208a6d732def441784ecb207434c8b89ad6cfd3aa8457afacaefe9bcf5ff87cc8e137e7bff4d65d2cfc6125a2c32b6b96fc9739f36f3ff7c6b78eec29fcc07d8746f386ed86045f7408be08b96abda41e137a790e7650ba1b2ae2119b2cf1c360005eb528c1f1a9d4ded76ee88123308575f40a9437f8ba440f63bc1f8090dab6304828312c420b7e366da6993653cbbaa3de5a69313152005294906c3e23678b192557caa9b9b1bc5a982c6ab9a9915476aca0e54a59355d48cb6a3625cb9a42a1c81208fc0886f0d843d841c9234295c127122568988cfff6e7ce7fdd76f9397871fe44f8e34160155eed43c17678f6f7befcd6abfff4334fbc23aaf146bb1946fcfefe6675098dca627c52cf2e6000109e2f6c664c1d87e7030833802d03807e6e4bb7db43db408246008414fab99d3d4831ec216c62685c08b5d270d44ac351af2eea6a9b899156249a2964e46c29a7e68b5925379ed7f27b4aa9dcc4482a379a57b3a59c9acea614599529d5144a538ae49b189ebf81f120d42990d564fcde572fbd72f176fd395ff86fc1ebda63607724f96ce4fb1194122fc3ab8328bc7269f9cce7bf77fdf0c79e9cd957379c165d126eec41a857bda757166035ca5d937a7689fcc36502fb8a5a21add29261f38cfffe0eec0790b7d14bc07bf8e8fa6510bd4c8c2806b106140ee3ea72cd56976bb61a620f6b009156a55c362567528a94ca67e45c31abe6270b5a7e4f29931d2fa8d9525e4b8fe6d4d4685e53af2c342a9f7dfee69fc24bf409ecfea0a22f599dcfdff2d9d13cbc0497e2ef7df9ec771f9c1dfbf09ed1ac66bbbc4deb7bd4dea82cc0acad80bb6e6f5b7f972080cb054a1929359157c6af2d5b0100c83b1900ee944190080641bb9819720450283d7c10aa6133cdb099c72a96a1b581840640cea715329657613a6ca9aa3b677c07d73ceebe70df7a9c8286cf92e6008c551af6c5fff8f50be7feee8f3d74ca72798bd6772d038dd5796ff8669fa9bcbb85010801a4658a832575ecdab2956e6300d86d00b01e906011004142e646f077290412d2804eca2816416b86e3d60c478717e2abf8b66d62f7f7ef0f68f84ec13900735f7bf5e6ebdfffd8f4e193d3a339cb111082c3585d80515d82107e5cbf5fe9db2d0800cf2fbab7a88ef93e80bb1e00067152f21806d13af2a5bb89d1ee8790429f03a1ca3778a12e0bc36dd2b9d34d812abc24a99b2ee3a37ffacc9573f71f9e78d8aa7853775dcbf09c7cb1519a61c9a7d82af90713027b4794a26f2e0589778142130900ac1f20ba3188383f84d40622e1f0e85635eadcc92c20300516002c7cf7dcc285d7de3877dfb8666aaecb072edbdd8d0c4070819c463502644593010c04003479d706baede192d6a0d945a0e51bfe5647b32f7fd0b639d1fc83dfeba07a7009c0826e39d7bff0e2f5ab8a44d737727b176e4c00f9949452659a4533d225618022870400361e20c25b22f477c602822cc179000bcf5cd2df9aab388e4c4822fd02604ca09092d2f9341d4133fd3e018064ed9a65fbac6a15c052d560375eb8da98536432f0b4e9ddb8710ea4144a4633721e4d27740200c9da352ba815a8c24b105a7aee52e38aed6ee68ca89d4539654a309653020050d1cc05e86b254ec0646de715549c06be80f98b8bc6b94b8bd6034727b482e5aea383cf261b65c3e807d0dee8a89896f2890f2059bb75393e0b280398e71c97dfb8a95fd164024a0408b9bb1d01020223192987663d4c108aee0b04120690ac9dc07483bc803900a9b3b78d334b75f728004d53a8a4cade28af70d156d07e4eb469ccddc60038074652522ae403900761000900246ba79801351f00a437e78c2ffeea7fbd7e5991c99e424a9a18cfcba5b18c522865a5fc584ece16d352aa909653598d6a9a4c892c13f82d21bc86b57e456700143b1a1dbd50a046004d3413d2121f40b276d50ab79f031730ab265b02505aaebb85cb4b6bc53029002989904c4a25d98c2ae58a1929379695f3e339395fccc8b9d18c9c2d65e5544e93521995aa9a4c20510f2044001022685c1bd13466db3100818c421549229acb848cd63477910040b2768b1960fb2f3547334b3068879546a8690c13426d58426d585c5dac39eaf9b6c6318a44b29a42335995e6c6b2727e34eb81c358562e8c66a5743123a7b22ad51489ca8a446800128148b598190302c466dc184da18a4289ea3221250c2059bbd914b0d0d97e2eb07b6574368d096f6b6de71c26548731b56e3275beea84cbbe5300d2aa44329a42b38a44d2698566c672727e2c2be747d2726e3c27e74b193955484ba99c26a5520a9114c96bfe8236061180c3460344f8788c032a25b2244181d352019b380193b52b4120a8afb0105ff21dd684515da5e23a4ba900549b09d5666c0d306e96edf6e6b5694da199b44273c5b4942b65e5dc58462a14b3727e342365473d80486714aaa6544abdb6734d8dcdfd06b6611343dc0118c8149222912d990c94ac646d15f30d52afc32baadcbb57d318099d2de7a2cabe5b36cbe1aae570adacbbea9565aba5710c25c86832cda6559a2d65a4dc6846ce8f64a4fc5846ce8fe6e44c312da7731a4da912915599c89a4cbdf918be080bdfb667221a205a676508500a9a92a90bb0a0ee24018064ddb5c0802e4210d7598ab6b1893bea0bc10534c3e1aae17065a5e1aa1761050c2205202d5192562592952592492b245dcac8b9d1ac9c2fa6e5fc6856ca8f65e574212da5f39ea352517d1f44a0e2c3910c01018910c89434d03a5c2629074e56b262006290e6b5ddcc8c704f883816a1b60304e34235b850e140ab9950176aae1af251a40064644ad22985e60a692957ca48b9525ace973252a19495b3a31939359292d2594dd2322a513489429549055e13958186ca260090ac64f5071051e000746f3bd7adb3b5dcc5c4d05c2ed4bac5d4bac5d45be58eb673294522725aa1b49896d8784ee14b0df73578c952069afd277aae3b990d98ac64252b1e24da7d111b391f2388f73334277235e0954e570216b0d9b3019395ac647567103c021ce27c10dd4c0cda060ee1587f1016357ded6f6db60940226850f0a5459fb656b29275b782c37a7c10518e4a1a3a56d0a52a683f87cd0280283bc61fdfdbd10d87853e0f876cdac3370948242b59fd2b4e12c128da15f0a60000f5053f0daf0b6906cdb1c401dd714248e4869089854081a1b36d563b48f0041c9295ac7583c4a60080042f44510230066004c0a80f02520800ecd0e684fe0c6f2c0228c220c111dd5f4f240c2259c9dab8d52f00105ffb67014ca8323d3a3d9e7da8a2dbb986e52aa6c309e722e8946bf99b1db145fd5b18245cffe700189c361631084888c41791ac646d0c0004f43f03a09852a4d9fff163277e419325b96a38765577ec95baed2c552d7355b7f5e59add58a9d9fa6ac3d61b96ab9b0ed3191781a7320e20e23e8b6311510c220e24441f2091ac642500d0850148f092104a0ee345cb616e29ab6829454bef29a6d29434ab1d04008771980e43c36476d570ecb26edb4b55db586dd8fa4addd6976aa6be52b71b86cd0c9709d376b9e9321e9ea213050a568865d8114c220c0e4e9b1fc28df04330743a30130691ac040062404005907119cf1936675c1078135b458b414ee0cd2d536509e9bca44e8e682a21a4658cb6c3382c87c174b86b33c10c8b39e5866d2fd52c6bb56e35561b8ebe54b5f4e5bad5d04dd7d06d57b7dd5880e86672386d3f770309d60614e13fc3408136b048402259bb1e008225394c48bae972d2168968af58124278d2c242d30c434b9124a88a2c53426442a05192f341c23b98cb042c97c3b05db76638f66add71561ab6b95ab7f4e59ad558ae59c64add6ad44c47372c66980ed3db00c2ecd32f6187fc0f76081ce200a23daae1468045b292b56b00a09d12f39ae9bac180967604887cfb3b76f6861b1201b098d46b02402204f9b4221733aa7c689c82503212544531ce61bb1c86e5b2bae5dae5866d2fd72cabdcb08de5badd58aa9a8d95ba65d44d57775c6eda8c9b86e51a68664c595d4c0b2b645ab4838483d68847bb6fc34132053859bb0c00c273f1dc72c3b109e94c058cd2f4cd8f4917eb22e2a48478c7e43e4808d6766c0142087269452a64b4f481b15c9a92e67918e3709880e9706e33c62c87b3aaee9919e586adafd62d63a1623456ea965e331cbd61baba61bb0617e8e5b00c0042f7b72abc1655abf04a321b0908246bb7990022a401adb26e1b686f7724368efb9208c6d0fef7b58e2a84807928d1c922089056259a21122520cabe523a45296d8204f7fc11b6c345dd74ec8aee38ab0dcb5ef19d94cb55d358ac998d9a6eebbac58c86e504110d03dec08a2abc32ccdbf0c2a47368752a262b59bb8a01d800ec8aeee842c4c9a78821f4715596fdc186e8e87a24bafcbef7b9109ea9d1b43b08407807d8680a252935a54d8ea435ea75891d0508b810705c0ecb6542b7985369d84e59b7acd5ba652cd7acda52d52cafd6adc585aaf9d662c57809cd069681ff20f107246b57300016b27bada5aad570998854d22482d28b2e543f727f11614af89f913698f1e47b00b3a3edd86b202144e471fc88064929b23a9ed7544a0b594a0840bc880604c142d578efaffdc1f3ffaaa2db8e6f06e821204856b2b6e5eab77d70c000d63ce5cb755bb75cde22601babeae240a4ffec1d82c17c0eb1be08782d985ce6391d4d9b41b71874d3856133988e8bc991746e764ffe34803d68a6480f34a52559c9daae0000b47663b5aa865daf9bae4bd11c571c48e620238e2162463da3f33382d6b9f0cd7febff184290c8cf214857f86bf98e6199f63fa784e2c1d9c96300a6e0d54ae4e0e54d240090ac5d010022040086ed8a86693387120ae2ff876e1b2188faafa9793bdb0cb4efdb947d0211d192a0656f12d37f812072ff30b388dad6f6239e0391100a422580500821a01b06ee9dd20e6654e9109ac55269244d5792b54b7c006127a069bbac51355c7bff18d282a1b719d04f8573f82311a194db6df736ba1f959310e54720fee722f21ac320e1b76a0e22128283b92e3873c1980d66db60ae0de6d8e0cc455a8276645c9b3d734b7f0d4011de48ebaa7fcf9295ac1d0d006106600a81c65cd9d0ef3b3032b2293e0042fac61032c03140c2eca0f5dfb9e01082039c43700ece5c70ee7a02ee3a705d178239109c7bcebf200ae13b2629a1786c3a7be4cc2d7dd26701f3f072038224a2646d94436833dc4e0900f404008666024ce3c68a5e2694ec6d52f6e633117d3d2d5f80dae289ad81bd986c23d27ad64e810ffddedafc360e700187334f88990bc65c70c6c0b90bee7a3f4370082e20849fa3186213017bf0a941cb65592ec7bd7b52931339e5c862ddb9ee03c0329a9d5a931776701335dc5d37dc06abbd914c7bd72920c9c3d8140070fc175abfbe582bd76b55b81c9e4d1c68434ad704a445db9236cfbcff6fb11982fee7c29742c2bd4108de67def3f626a7084f6803c1e5ccff994370e66976c6210403e7dcdfb773685b670893b6cb79771b8903198592fbf7a68e7cedbcf33a8009788941c1c0868405f4bf247825e8a9d0168eaa84eb30da4bc1e35ad2f136001109000cb68259ed0600e3d68a5e5e5e5ce229855226da6c74d274b3ad09fe9a0645ab038f74a30b620d00c4da8c24ef6781a66b5e8455b588229021be409a8ec976bf43dc75f4fba6385ce0c9c3f923dfbedc98b65d3eef9b02659f39252ca07fcdafc1cbac2cc273a816d074aa86b3521d441770f5db2be2ae6e26332800b01000342a165f5e6a30fdd0989ce3ae580baf356f1befefee89188b4ff4fa35d1022484901e4e81eed6e3463c69db15d85f50d24fce641f78fa42ed86cf0082892d090be8cfded7e085512701ec87175a9d009087175a15a177b1bd1c3caee3543f20e1e22eeb38b51e06e0f82fb3ceb9a8de283bb5d9f154ceee3a4c659d2e1e329884def11866b1ae7fea04012ef09ea38513dfbbd678b361f339008bf0ea06cc8405f4f54ea6e1f59e3c0060b694914e7dfcbed2076a16132b3a73560dd7ac59cca85b5caf594c371c6e08d152e169f50086a8eacf30a388eb15d18d4508ecc08632f23a44241844d00050bbbe6a2f0b81bd1b590814277562138fbd61c71780eb0a4c6465f55d47f20f7deecdca151f00aabef334d048c98aa7fe0578199533008ebfefc8c8071f3b989d75bc69989ef431019b71a13b82352c66d76d66960d66ace8cc2c9bae5eb778a36ab286e170d361c23219d7395fabf234d1bb918cd5c61eda4d0db70f53a3dd1fd10e12d86a5fc49d00400d40fdd2b2b56038cc53d66293bf89883201361714d60b0ea6cbf09e63f9a32fdfd4efbf5d755682fbe5bf583c310522f99eea0bff14804300668f8c6b8f3f7e28335bb55c3f1bd4df99003225642445e4529aca94a899b5ae740270b980cd041c577087736e38dcae5bc22a9baeb1aa33a36cb87acde27ad5628dbac574dde126e3083794896b606bc6b08af6de95617070220022ae45fe5041623d596a81eda503a82fd59da595063327f372ca713717c8c426e3e4461e9f0b2f22f0dea3f907ffbf1757aef80050f699938ba45cb81bf5df07605a95c8d18f9e1c394d09e0b256206e71fa46403421804c0045a514a0b494864c093204a952b037f341c27438d71d6ed74c66562c6e960dd75c35dc46dde28daac58caac91b86c30d978ba0998cdd8545f4dbdcd6ede1b0e4314c824700c4d60180cdc4eab5b255d93ba2a49c8dd7c9eb55d8dbe25c86cbf1d87476df9939e39133b78cb2ef0cac87348295f803007821bf343c8fff1e5ffb4f3f3e9d3d3553d232bac3072ea8e0221ad58510ad815e02e43489e653526a6f4149d1207fc4af10759880e972deb0b9ddb0b9553199b96a30b36230bd6ab146cd648daac50cd3e586cb61722e4c810e7f447b6fca2860b0bb0084d30620615f051f360008ffe46b9d70ce2f98736f3b989b124337018627e5eb3997f0edd54f9e1e7df856657e69b9e1d67d0d127e78ce5d0e02145e8cbf08602f805900870f8ca8a73f70bc306bba625da665b79474d1f18ca29944103dce2812cd2a528ae691a2202384344bc81dce61b95c58ae706d265cd3e676c56466d9e466d96446cd62f5aac9f49ac5f486cd7587095df8d9b45dd88315e18fd07de51134a1a9877c4a7c9800108e04d400d42e2e59f30d9b719950ba991c60b3a564338eef708191b4a4fce803a5b7ffbb6797165c2e1a21471443b37dd8ddeef49b04300d604693c9b11f39553a955628b536d8ac1483ee2b001eb008de3c42a85c042999928c42140228044813d204092e045c2e60b942e80e771a36b7aa1633cb0633570da6372ca6574cd6a85a5cd71da63b4c18bc35a211749faac14b2b5f8497614ab1019da7d65ba9167604565775b6b8d2708dbd0535cbd90e93d0211cdfb439ee9d4c97de359b7ff2ab17aa15ffc11a211620ee42a760e0f4cb0118f7857f16c0ec0f9e2c3d72a8a8660c876fdb672cda18055fcb508df647681221695956273250092179daac2f83c3396c266038c20708d763109ea3b251b558b56ab115c3e6b719173798c079d79bc4156e423b540008ecd73a80b2cbc5d2b555bb72a0a8666d364c0620760cbe182ec787ef29dcb362b88d976feaac8dba919073f06ed1fc81c77f02c0610027001c7fcf91fce34f4e67270d876dcaf3109b7c4411630a026dade9d05acba24a049a4c94d18ca450a2e4827a1821005708582e1736834d01fbbb371a5ffdf285da3ff74da73a06e9abb7410010f8011abe3db27a76c1bcf5e4a1dcbe4d95a21dca003ca7948044093e79aaf450c5701b97576c13cd9e8141e8c7b80b402010febc2ffcd3008e01983d39997af883c70a874d976f5ec4671bbd43e1b23926e20f4000a894104d829692a9b66230039ed354c5603d3d3614005cff85ad02a85c5c326f960df65046a512dba4a7b783e5dfb39bb8802613fa571f1e7bf2df3cb7a4cfd71c16f2ab08ff61eabbd82710cef19f84e7ed3f06e0e8eca8f6d08f3f50ba374a53deedef5060555010ace8cc3ebf64def4efe31d9ff24ebad5047e802a8072cde2b7cf2f99cb8f1cc84eba9b950fb0c3a20051cb7605465292f2538f8cbde777beb74416eaaee20b860ce016bc5061385760b7ac60bc7c40fb677cda3f7b744c7bdb4f3e3cf6a02211ea6c9009298624a1628808a34804afaf5873358bafa0357760dd67bd13fa10540606092e2bafdd366e6c36ba6e661d67b796601b790ed31518cfcaa9cf3c36fe9ebd79e53100c77d4d7808cda217cd179a9dbe82d1f21934937c6601dc03e0f8a192fac8a71e183dadc8843a5c747d06836ceb79c61b711eb1a99bc0d945f38a6ff70791823b72bbcb77f82e0795811500e50b4be6f515dd3d9dd3249973b13912ba936d80d0392c57603c236b9f7974fc5dbfffd232bd5eb683e9cbb2bf0549433bb980283c567e04cd249f5900478f8fa71ef9d483a5fbd33295d6b24877fa33dea4e34b94a06c70fbc2b27509ad69e55b060008f901ca0096eb36bff9c6bc31f78e99fc017313a2013b2915b89f73988e402125a93ff3e8f8bbfff8b5d5c29939e3795f58b2006e0258f0c135481eda29834789ff6e0565bd63f0f2fb0ffbc27ff89d33b9b77df8c4c81108cf2cda2dcf78b38e2f13e0cd05e37ac3e6d7d01c41676e35007034c381ab00965fb9a55f7bfc60f6c0309282879978bc59677298802613e9271e1a7df42b176ac52f5fa87e5b08a47d332003af9f403984f8db79da1041d3cb1f7c87099ff61f027058a6e4d8878f171e7ec7a1ec3e970bec5487f130df4102af6ee1f579f33cbc46b365349dc562ab01c0f69d56ab0056aeaedad7e6ebcec3933925e56e300bd86d0c200c0294001f3a5e383a9a96b37f7eb63cd2b079ded79ec1bcc1a5101bb0b7190804822ffb8ebe9c4ff927e1d5f41f02707032279ffcd83dc5878e8d6bf9b8505fc200a2e9ff5cdda95fafda177de1aff8daff8e43c61bd1b33e880694012c394cdc3cbf68cdef2ba8871cb6c9d581437cc337fb5c5c00bacdf1c8feccdec3a3ea47be70ae3af3d22dfd055f904a00aec28b12aca29987b1d5204043767eca672c0578997d7b7dcd3f4d08669e38983df57d47f287330a957487eff8e735ccf3281438b76c5d7398b801afc96cd59739be1d002030036abee36af9a55bfaa5270e650f910d46c4ddca00c2cb7038f29aa4fef8e9d1078f8da5a6be70aef26cc56229781181a024345c5fbe55da3e68daa98504bfe40bff7e5ff8f7eecb2bf77ce858e1fe1313a982cd387ae5f6270ca0ed66132f6af4fabcf95688fe3736ca14dc0800086705ae0258be51b1af5e59b12b47c7b4119b25d5ae03532a26e042e0910399bd87c7d41ff8d6e5fa81176fe95f321cdef06d3f7d231c40eb10fc40e8d590e0e7e155f28dc3f3f24f00d89f53e9a147f6674fbc6b263b9d56246a3849eb83f5697f828b2bd6d2ed9a73de97af0da3ff1b0500811960f817b820046e3d73b57ee1c898f648c200d67f0ec3e6c82992faf193c5c71eda9799f9bd17977fab66b1059f6e4b185ec66098e6677d6d3f026f08ea982ff4930026722a3df8c481ec8987f767f615d392e237dcb86b9ef1861f5f00dfbda9bf2e3cf32fa0ff163628496ca300207006d67d3360e9eca27961ae6adf3b9953d20edf2c4fefce8f02f43a97cb050408722a1d114214d11c3a4a87743941224f164dc75eb04df99a7f7c2c234f3fbc377df8c1bde97da36959b679a7e0efc666319bf90ecabef3effc8af5ba2f57abd8e054f18d1c5ce9fa175706b0e83071f37b37f4ab1fbbb778cf86a577de650c20ac7e2b26337487072db38329396408ef7ab85bcf3e78c53bfb011ccc28747a5f5e39706a2a75e0e4647a32a7106273e04e9c7c090308dd7802bc705b3fdbe6fcdb30edbf190060fa36ca0280f9176eea6f3c7128375b4c49aacb37bb1073773280c01154b598ce9b831086754941424fd6a7f9d32329e9b19992fae8b1516d76baa88e8f68922a5378f5ecbd1c7cbb92016c12ea52828506d35f99335ff2e569c967d8f6760580c01958f7d16a4177f8b5b716ccf9a7667207372227e06e6500440086c38324a0c0fb3f8c76d261fa3f0660df478e177ee4c13de969870938dc33511cb6739ec14e39be4281b796ccaba6cbafa0e9fddff072f18db623834621010b98fbee8dc659c3e1821024eb0ee4d07245b889e4b03a0a8701609410eccfa9b4603a02a62bc0b8180a68de6d8b124077847875de782da4fd83f9921b7ac7e50dbef67085e02280f9db35e7ad976ee9f73e399ddb7fa7a1a0bb95010801d42da6a3d9026a58e9c041765f06c0884cc8b84288c2c5e6ddab84017865bf2fdcd42fce37dc000096b141a9bf9bcd00025f800ecf63390f60eedb57ebaf376c2608d9dea597bdec9bcd3e47dcb93804ca266b8418c0b07a0584d37bb38a44f2aa4c94f57abe37eafedcc9b936c307b091c7a70468389c3f7f437f015e0a783055cada8c672e6fc23d09b38025000b8b0df7c2cbb7f47bdf7e287bc070c406a2ebceaa3558cf39080138036a16afa1d9007258e5c141fc5f03a0a56492d324a2f04da4fe3b8f01880d3dbe2211bc78dbb8b862ba41e6df0a36b14bd466c59283b901cbf012186e3e7da5fe72c5648c9284010ca25500c0624234ec2d0180200aa002d0729a94552542d61bd0491840f72511a06c32fbdbd7f5677cb9994333f36f53189fbc492f4eb84c7811c05cc564175e9b336fbdfd50eee07a7d0177a30f8000301dc11a5e1ab08de1f50508527f0300500b2a4d4b84c0ddcc9e7d77b10f409109cedc342fd46cf6966f3eaf6c96edbfd90c20ec0b5801701bc0ed6f5f6fbc5a3519930849e661f56d0210e82eb7fd3a0067880c205ce2ab02d046342993047336674904a898dc7de1b6fe3d5ff3cf876cff4dabf99037f13b052ca0e27f99d115dd3dfbf495fa918f1e1fb9c775077725ddad0ca06e319d0911f401189603305cfca301481534292bc4e6dea7bb95012812c197aed75fa958fc0d5f6106893f9b5aefb1d9f9e4e122a1db006e7df766e3e5eb555b572841304b30f101c49f8b00a859bc81ce9982c3620041f59f9a53a5d49d2474263e80e8032894e05ad5a9bc3c6f3ceb6bff056ca2e77f580c20b83f96ff651601dc7298b8fcd58bd5339f3e3dfa3821837993efc628004050b1dc2007609821c096f25f4a90cea944f52200890f20ee1d5c579447083c7db5fe9ccbc5651f0036d5f33f4c061066012bf01a5dde786bd97ae9b505735e95e8402ce0ae63003edd2e9b2c680069a339237e18ef861c98009a44d3598568fc0e242861009dbfac49046716ac2b972bf673be7c6cbae77f980c20b84741a9f0a2ff25479ebe527bf9e898f6018510da6f63c8bbcd0740e04dc9a9593c2802d9321f8026936c4aa2324f7c001b767c8910e8b6e0cfddd29f037003cdc1301bd6f0633b0040c002824ac1db0046161aee1bdfbe5a9ffdc091c231d7ed7300fc2e980cd4cf8144881edade58e9adc80108870095ac42d3b24409e762dd67171bb6d31d1c66bb4c06225ec1cfd3d71aaf2e19eeabbe5c2ca259f127761300c07f79831a812c80d1ef5c6f3c3b5354c78f8c6aa57ee6c0efa2b9207dab608b09d670581d5b930518f4f6d74652525626802576f633d82ec7d728c1b9156bfebb73c6d7005c47b3e1ab8e210e88a5430480202c58851716bce17271e9f317aadfd56dce09216b366fdcd66e70890ddeba19a7c33847fbb90002c3618eee8806b62602b09604945769e64e9d211b757feee45c1bed385acff12500bac3ddaf5eab7f830b71d9378b97e1f5d51cea60d8613280c01408ba06dd02505c68b8af3f77a331fbbed9fc51830fda5042ec28ed30e839288086c30d9777e4000c3d0928afd20c84d8f4366c3b8f0188818faf48144fdf68bcb66cb0577c3908c27e4371fc6d25000461c11a3c6f670640fadbd71bcfcc14d5c943236ac162fd1be2bbdd0700003573ad1370d80418960330e8fe9bcaab529adfa12b3df101785eff0babd6e20bf3fa57e1cd7ab80e2fe967a8d47f2b4c80b029103804e7015c77b838ff1717aacfe92e6712e97eb377c374e07e43618400359b45e5000cb30e402104a99c42552e865f0abd9ba6035302d41cee7cf16afdab8ce3824ffd177deabf25d39e646ccd0a720396e1d59a17171beeab5fbc509bf8d8899107198f219a771903e00228374380c3ae025c63002aa5e98c4c157e87d07337330002afcfdfd7aed59e2b9b6bd47fa831ffed0400e10cc1a0e554f69505e33bfb0bcaf8dbf6650f182edf05f6e19d9d8373a06a6d6912900a40d5649249c944e54368c4be5b8f9f92289e99d3df7a63d9fa1a802b3ef55fde2aeabfd5000034fb07567d24cc01483f7db5fecc7441fbe878464a774c15ba8b180021de84a0500ec0300120cc00d4ac42b30a2544240c605d0c40a50437eb4ef5995b8daffac27f63aba9ff56fa00da4d81a07dd84d00571b0e7ff3cfce979f355dcedbfd0177930f8000b0b9e0badbd20760589a229c04a4e5fd3e005bd10e6da7fb002402e84cb02f5cad7dc566e24d5ff3cf6148c53edb990104f72b681fb6e09b03e99b3527f5d9f395cc8f1c2f3e4e8468dea10e06b0d970be950c80407798adb7f601184637e08e2ac0114dca12f845400903e8fe0e86feea15fa407cee72ed6b0bbafb6c48fbaf6c35f5df2e00d0ee0f083ad066cf2d5ba9676f36c6df359d3b12f803ee261f0001a03bc2b4990818c0b06a00da7d005a56f1938080c40730c0f1354af0d51b8d972e55ec6f00b81612fec67610feed0200406b68f036bc5154dab76e34be3599958bc747b53133a25e6057fb0000346caec38b960cb315186d6300a99c42d23c9ce99630809e3e004d2638bb62dd7a69c1f81abc78ff353473fd1d607b34c5da2e002042fe8065ffba24970be54fcf55b44fde53fcf0cc885a34dd9d9d8536e8396a0e6ba0190118760e8002402304a98222a9419266c2007a1f5f93082e559c85cf5fadff09177813c0657861bf20e4c7b689dc6d1b0008ee5d305a2c7042a52c26529f3d5f497ffaded2874a9a9cb2b9d8bce178db290f400066731ad0569501ab32212955228a4818405f875328c15cc3ad7cfe4aed2f1c2edef0edfe5b688ef662db48e6b63c0ad00d04167dda74b966f357fff262f5198b0b2e87bcd19b71f2ed120510004c979b684d021a3a00481429991229cc00922840e77904bc71debacb9dcf5fab7d5177f92b3ef5bf092fcab5ed847fbb318060319f2605002501c0f59a43ffdbb9b2fc43c746dea150425dbe0930b08d18001740cde675b426010db30c5805a0299464144a642178c200220fe71d502604a6cbdd3fbb54fdfcb2c19e0170d1d7fe4bd806f1fe9d04006110a8f8d74801a8572ab6fae717abcac78f141ea78410269ae6c06ef2011078537775b7a311c8b0b200d7928032324dab1434f101c41f4f2280c305fbcb2bb5afdc6ab8dff66dfeb0d36f5b0aff7606803008aca2e995562eac5ae42bd7eaa90fcee41f14c2d394bb8d018000b68ba84e40c3a0ff2d8d40f22acd4884c0d90004d86d0cc02bf0f1465d7de97aed1bd76aced7db84bfb69d857fbb0300d08c0c042f2701c05f5e300813021f9cce3f48e1f5cddb0826b05d7a021202988cb73702d90a13402d28529684042799dedb5c122110828b2f5caf7fe37cd9fe12800b3e00dcc61617f9ec160008870757d0745ad2338ba62404c4070fe51ea2648399c01699074d354c60b8c2b2380ff70118560e4078188896f19380c40ebb8762938f2d11022e04ffd2f5fa37cf55ec2f876cfef0441fbecde56bdb03403b082c07e00b407e6dc9143225d2fba773a7210498c01d3181edc2002800dde1ba106bbde187950380b0b90540cb29341576fe250cc0b3f92104be78bdfecdf315fb4bbed6bf82d6f25eb603646b4700400002b6ff330f7de6bcbc6070cbe5f6070fe51f912988cb37ef0286b9aa766412d030843f60002902a4732a4d71913080e0980a056c26d8176fd4bf76b96a7f25a4f96fed34e1df4900100601012fb482c02e7e73c5121613d6f71fce3fa15122397c7d3e816d331740ac8d031b360004e3c01500aa42492a43a1f0d03080bb7a7a2f25d01d6e7fe17afdcb371ace377d9b3facf98d9d24fc3b0d00d6b47ec81c587b9c972ab6fbe797aaeca3870b6f4f4944b6f9ce6b188a10c5a975b6021f7a085091484693e9863502d9a90c40c0abe9af3adcfcdcb5eae716bc38ff55341d7ed59da6f9772a00b43301e66f2e00eb6ad5b1fef05ca5f1e143b9774d65e4acc9066302db810110008c030d87078ea4612601050cc06b042293ac4209e57c67d9e81b7d7c4d22b8d97096bf74b3fef9aacd9ff7b5fe35780ebf0a367984770200f14c209c39cb00b88b86cbfff842b5f1fd33b9f71d2ea8a316db61da8b000e134277b72c04b896069c53bc4620ee0649e54e62004145a626119cabd837bf76abfe171613aff936ff750c71826f0200bdcd81803933005c77b9f3e7976be607a6731f3851d4a61cde5f8460bb30008b0966b476021a0600b4d4000050b38a94a16dd274b730008978a1be5797cd8bdf986bfc191778cba7fd577d1f5460a2f11d2c433b1a0082e5c0cbb50e4c0107806e3161fcf9e55afdc684fbf6a7f6664ecb14e81521d80ea9c0c49b06641aeed0bb01875b816b0052399966a38a5e768aedbedee37b9e7eb0afced5bff356c5fa0680f3bee0dff27d4f414d3fdfe9c2b31b000068b61917fe437102e17979d1a8954d56f9d0a1dc931999c8763793601ba4021302e82ed785f77dc23900c3b0ff831c000d5e0e405a08bf15d806dc889d900aac4904658be95fbad5f8f2bce13eebdbfa97e179fa83d97ddb3abdf76e0400a0593b20426cc005605ca9d9e61f5fa8d4de7720f7f6fd59b9e870112951db830100759719e86c053e0c1058330108a06564a20931dc7bb455c70f28ffc59a33f7adb9c6976b0e7fd117fea0896710e673768bf0ef36000883400000b66f1ed4974ca6fff1c5caed4727d26f7f7c4fe624059a052edb88010040d56ec901185621504b085026249391a8cab968b59b77210350a8e7e8fcf67ce3b9d756ad707c3f18da1938fbd86e12fedd0800f03565e09c61fecf26008b09349e5b302a4b262bbf6b7ff6e111956a366bbee0620802deeb1c5c0075af0f8085ad990624c3cb01486b3251dbdb2e880d95f675fc9ad8b8c743e035ee5cb458f55bf38d6fddd2ddeff81aff3a9a8d3c1ad8c161bebb110082e71cd40fb0904fa00140bf58b5f545d3bdfd8e3dd9278f8da87b39e085bab60103e01c517d00865e0598966846218476a401ef1206a0506f1cfdababd685e797f4af5a4c045efe60684760efef0a67dfdd06006110e02110d0e1d56857ab365ff9dcb5dacd4b45ed6d4feec93c545424d5647c4bc350c46b2c211a1e0058d8ba71605a4e21199910b86d66d24e0f03025e56df92e5d69e5f349eb9da709ef16dfd9b21ca5ff7ed7d17bb7cc9d8fd8ba399ac11f8058211e5f5b7ca56f556c3bdf1f6a9f493c747d47d6b6c60c8cea980925a4c7063f84940a49d01e464ea0d03d9c0536f652210f1b53e17c04bcbc6d99756cd6ffa5a3fa0fb0b680eecb0772be5bf1b0120781fec1008046ca00ea0517358f90b37eab7afd6b5c71f9d489d2aa952cae162537a0c7467000406e396c93aa6010db30c5805a0a5659a21113d0077220390a8e7e15f32ddea7797cde7afd69d677caa7f03cdd87e0d4d2f3fbf4be4e2ae018060b92110307d9f400d5e66d7cad9b2b578a5669fbdbfa43df2f078faa44a09098a8a86c5000c97eb4ca03d0b7018a70e370249e5149ade68e4193603a0005489a0e670fb7b4bc6f72ed4ecefb9425c0a09fe125a63fbee5d260f771d0004264140f1c2a1c22a808ac9c4eaf796cc5b57ebeed5c726528f1ccaab934444840c3743c309a0e17203cd6940c31c06d23a0e4cf27300762003200450080113026f94ad4b2fae98dfa939fc755fe86ffbdb6ac8d6df55b1fd0400fa5be19c01dbd7020dffc5585d34ddf25f5eaf5f9ecdab0f3c3a9e3a3d9e92f3021b070471abee70ddf7515818fe34201580265392c9c854dba84620c36400819d7f4377165e5c319f9b33dc57d174f0cdf974bfec3ffb5d19db4f0060303610089a85662bf2159f1ece5faad937ae359c370fe794fb4f8fa6eedb9396f34c08acb7f350370d270460b822783187dd09684dfb4b0429851099478446b7230320f086720800d71bcefc2b65eb855bbaf31a9a3dfae6e185f62a68c6f5ddbb59f01300e8640341b8d0f269613d0002978b95f355fbc6e5baf3c6c911eda1fb4bda3d254d4a332eb0d1e30a6db10600c3ce01684e0322d02881b419539136fc0526048400f3a6bb7aa66cbe7cb9eebce8dbf8f3213bbfec3f4f137799932f0180c1decf40e8c2894315df2c5874b95838b36ade3c57b55e3b5e504fdd57d24e1415298d014c83380d47003001989d5580c36e05a668124dcb04546c5306408927f80cc082e9ac9ea9582f5f6d3867b8c0359fe62fa099cc530ff954ee6aba9f0040ff66811362033a3c07e1a2ff72ddb698b87966d53a77ae621fde9f914f9c2c6a27f66794714abc893eeb9558c60574575487cc003a8681e42492957d27da766100c2a7283225b0b8e0176ad6d5f335e7f545cb7d8b89b51afd8510d50f3bf812ba9f00c0c0ef1b0b81416016d402360060dce262e152ddb974a9eebcbc3f239f3c3992bae76046dea3498432bf4d79df0c8000361342f718803364134042a810282bd30c89b9d661330042000904940075975b57abf6b5b335eb95559bbf15b2ed83249eb2ff8cc2cd5413c14f00604380c00d31820a3c6ff222803100b76feaeef59b7afd95a22a1dbea7a0de7b28a71cc82bde582db7cfa422930bcbe462d88540e13e005e129044b32d1a7b33f3ff637608ca736d2eb064bbe58b0de7fca5bafd9ac1c455ffbe2ffacf6005cda29d76c14f843f01800d0382202dd746d34958f6b5d0880f0463659b5d7876c978e5c51573ff98261d3a9a578f4f6795bd5999aa40c844e8d07404a62b1a2e17c128696b0b0020e80494ee6712f046b3010a7fe20e042a0eaf5f6d38572e359cb72a0ebbca056efa347f25b4d57d403686cc9812004818c11a23089288564360306e7371fdb6e19ebb6db82f67247ae040463e3c935367f7a4e4f19444a820de4cc320d64e00e88c07cc22c8041c960330dc0b3095f1938004b0a1e5b71d27169e43cf9bb1275067c2baa93bb7aee8f6f9058b5d72b808847ed5df82dafc40f0036d9f50fd0400b6dc4710380b577c7a3a1230039df12be76af66be76af64441910eec4f4b87a6b3caa151552aa424925208810ca0e1f265788ec61a8657831eee03a0488468698976f401d828164089773242004b08d45d515f30dda5ebba7b69de72af986c4de883e8cb8a7f5f6b11343fd1f809006c39100485460110d4fd177619401a400e40c1df4a558715ab0e2bbc59b5c75312291515a9742023ef3b94550e546c76165e0c7b9823a602138002a00a85a251a27121d641f14524ada77eac9e0901dd15e68acdcab74cf7fa6d835d6b303ee770311fd2ee15349d79ed423fccd0680200c95a979f60ad1761c83c58f1c1200b201f0082c944668eb9d29ce93a2fae9a0e0109b45e306c62582640f0274b5142150249f4d10524d887f8fff390c4f3d80b7861cd061366d9619545cb5d5cb0d88d159bddb2b8580c69f66a48f003810fb2f5c2ced044db2700b06356cbc4223443885ae068f30121eddbde820b988008ea118264203164f0d233326592afad3b10c2177202e2fd497d4117020e17dce17074c61a2b362b971dbeb862b3c58ac3e72d2e9643021e0879cd17fc866f3ee96d421fa44127da3e01801def2b08f72694424e37c5ff19686d5832ccacb540f81b001647644a531245d03e5d00e042c0af7f702c262c930bb3e172a3e6f26a83894acde1e53ae315978b9acd454534137102c10e843cecb50f221d769b4d9f087d0200bb1e0c88fff253044ab5e94fe0186e0c3b288fae03585eb5f99967978d94c5856473416c0e66716e5b4c983617ba2b84ee8a162136432cc70c7d1efe7733b45f20eced5a3ea1f75bb088e8c3d3430849eed4ee5dd4374b0a00260094d0cc6b48fb0c458484766de84a88b2076dd6cc9046b743fbbb210dcfb600e4ee4e8dd38f6c2700902c34eb00b2a12de59b28014b088f5e8bfa392ce461cd1ea6f489c0270090acedc804dbfc12816f828404b75da0591b7d6f17f444d8130048d60e340748e84fb409b48810f044d0773b00242b59c9dabd889fac64252b018064252b590900242b59c94a002059c94a560200c94a56b212004856b292950040b29295ac04009295ac64ed8ef5ff0f00bfa6ef936c3462050000000049454e44ae426082);
INSERT INTO `chatrooms` (`chatroom_id`, `chatroom_name`, `chatroom_description`, `chatroom_image`) VALUES
(2, 'Chat room for weirdos', 'Less cool chat', ''),
(3, 'The Screaming Room', 'AAAAAAAAAAAAAAAA', ''),
(4, 'FR chat', 'Francais seulement', ''),
(5, 'New Chat', 'Brand new!!', ''),
(8, 'A new room once again', 'just another ', 0x89504e470d0a1a0a0000000d49484452000000e1000000e10803000000096d224800000147504c54454f92fffffffff9d2a0252546306bfff6bd8e4f93ff5196ff24213ff8cc9b314983f3b18d4b90ff478efffcd5a2ccad8aeff5ffdfebfff9fbff428cffccdeff2a68ff212245000e40f4f8ff5898ffd7e5ff9bc0ff7babffa2c4fff4b58ffdf1e81c62ffc1d7ffafcdff346fffe9f0ff88b5ff6ba2fff6c0914484ffb6d2ff609dff97bcff221c371b1e43d2c1beedcea53b79ff4180ffb79c82769aedf7c9a33973ff76a9ffadcbff4b87ed21162e2a315b3c63af151a43e4c197443e52dfbd95f9d6ba2c3b6b4373ca375597477ddc272b51574d586d606300003a342f4ac79a7e8f8294bfa286a78e7991a1da786866d1b3aac3b0b2947f739da4d3ada9c58aa0dfacb4cfdcc7b28ba9ffa6bbfffbe2cf94b0fffbdbc17296ff658dff395ba18a776e4e4656736464635159a98574eaba97fec086bcb9c9cdc2b9e2caac9cafd7feefdafadab2aa30db710000120549444154789cd59df95fe2c61bc7834aa26e40c255407039043964452de25751ebb1bab4ba87dd43ebe2da5ab7db6dffff9fbf930b02c94c26f34cc47e5efbcb6218e7ed33f31c93644608f8ab68349a52e2b5ce62395ba9d4d392200852ba5ea964cb8b9d5a5c49a19ffbdc03c1b796a3916525de296fa563b158084996058be4901c0aa19fa4b7cab9b8b21cf18fd31fc2949229e4b2f5506c8ccb41b28caeaa6773858c92f2a52f3e102af162634b42767361b30ad953da6a14e30affeef026548a8d6c1d0d410f7496815bcf368abc21b9122a9d7245721d97444a59aa943b5c21f911468bd9b408c23321c574b6c8cff3f022cc94dd9d8a17ca5039c3a9673c08a3cbb54a8c1f9e0119abd4967958124e98cae4eadcf974c67a2e038f2050c248bc918ef980a72b966ec42313254c15ca692f61cfbb42e9720166471021e2f363788e4a468c1322cc641f814f67cc021c2b3361aacc313ab832ca65e6e9c84818294afecebf7185a4222323136134bef5b87c1ae3569c293cb2102a8bd2e30dd0a16469912561f54e182d541edf80ba42958277337a26541a8f3c034710a58667337a252c5426314087922b055f09538be2640111a2b0e82dc7f144a854fc4b41e915ab781aa91e08a371717233d0aa90e8c5e1d013463a931ea043c91dfaf04f4da894278d35a232f548a525cc6427cd3426ea649c92303ee12061975c89f3242c4c244d234b960afc088b4f2148d8152b72228c769e262042ec50440d77c2546ed22004e5dcf31b57c2544e9c340641a23ba21b612a274d9a8228c915d18530faa42da84accb9cc4517c22794a9e1247720844f344c8cca256810090bff0540845860258c3ff539684a24257004c2cc93cb4571922b84341c4fa864ff2b8008318b2fa6b0849106bf0e88a26495283a0d7ff522f669d1c096c438c268871d68b4e30869fb68f778fe50d5fcfcf197dda313c124153534152e2d1c1d7fd96647c4a6a838c2388f21aaf67d7b77fee534d2aca1694d2f0fe78f11292242576c9f1cedceefa04b5e1eb113ca386f83215438b8510def7075d5801a15625d5d5dfd9f2e748d863ebbcbfedb641133159d0953f0857b8477743ced8c87d3ec316098862ace19aa33e12234d4ab7cf3d39ef054c27900a1105ba4272c40c7a82830f0a9842790df2c1668091560a817a593e397def9a0364481df692a3a10461b4040617787850f4c28c80d8790e1405803d5bca27872c884370df434aaa41a0d212c1d15c5dd593603aa845f800ec02941b511a61a9040216e1fafb2f2a9f110eae2420d5bc8b011824a26f1641e0038bd03c869cc1ed8529b71c208e0290b14230e9947e834dcd1a80a6d8da7e0e3849dc9014e4f1f1e0970c4f1659b31c208c48f1e310689a17676e188528448087033e21153941fd3311831d4201166d8038578c4816f7a7a75073c17e50c81907de1423ce10288dccdce09d08c72164f584833036e83e7e01011ea6fd2051c61aacc6a42717b9e17200744b99cc210b29b50f8c28d8f07e288112d841166134a473b3c09354488469eb7b510c6594dc8758cea882f41a5b0908e3b110252ee5dce8008711a1434ac09f89030c36cc2136e7ed482088b8be98c9d309a6336e117483d81459c775c19a7546878df7440b85c676c4cdc7ee903201260f15410eacb36c21af302e2ae1f26d41c2aa00c88d56c84ac6b17a2c03752581021e5a25c1927ccb09a503cf2c784aa20257f2c3346c81eed79c7c2a1660f0151512e8f1246991da9e8171fd22ac4d984a2238435e69c9b4f5988112428cab51142e6c250fae22721c4886699a8132acc55858fd350d50ea0c8482b16c20e6b3ba2e857acd0b50a70a762d142c85efa9ef84b383bcf1ef50d6faa11b2df4e138f7c4ad906621fa6c6cd368d90fd6e93b4eb33e02c6098ea77a23442f61b8612afe58b5e1243780c18a60d9370997d11513ae603d8bc7b9374649c3d041066970dc2386be1c42d5824f70ff62e9a8e8890a05f8f1b8445f6956e4e84ddcbb9f0d4c67ed7e14790151bb9a81342ee89f2214cee9f87a7a6a616ee1d105feeb20f536db906112a5b93b661f76e4a5578ef4dd73e520184f296a2116600a53417c2e4e94158470c5fd87d2ac0990a524623843cebcc8330d9bbd00155c6f3d3e6e84f21e1427b3e5a802cb2f12134c6a881787036ea5321799bb6e4260422d9c912364ff7c256c4bdbb9ed58c30c26c0411322f23f2214cf616ac800871ea62df820822541715858002797e064c984c9e8f02aa5a381d860d186148418471c8939626a1733e4201d8dcb0f121ed9d0dc2068c301647841047631236eff69910933d474014362ecd341568c35c40883257bf16c21f0ecef79b24140ce0fe867d881a8c1b46833042b91c15a2808c6648b8105ef8dd3362f3d4610e0e1017ee9b1c08b71021e859cb216178e10fe7fa076bc0ee9b033ca08af8039c5090a2420af448f7901005b24b2f23b5dbbbd8230172228ca5048517210a640b670e9933c6807f2c4c110179112a0228588c10aadae8fd40c198ecee6fec11f1f811c6851ae8cd8a71c2a9a98b5e933c1f93c966efd20d8f1b61a82680c2a10321aad5eff7b119403299ecfd7ee9323eb912e604d883f97642355c2f5c9eed4f77c72991f19abdd3371b547cbc08e58650e66c439d71eafce20e99b2db6d369b2a59b3dbedf67e3fbbdc3808d3f171b3615980bd47e94ca8431e2c6c5c5cbe39bb3f3dbd3ffbe3eef2e27c612f4ccdc7cd8659610bf27d3ca1068978f6f60e54edede9fff5204e845b42c537c221a747369e84425d80d4bf1a6112cdb15778426685175ea1699c8413b23f71a913367bf77f3e04e7b8034e4dcd057ffef3bed70412a605d8f7a5f9fb9f8348fe1022fd7c0f24846e5c92fe2518c412d24d40ec55737ad3bfc0461950d2fb072c6178effce26283582069971d6c5c5c9c3b951906e1c3fb49ee1ff3da0074223c78b3dfec4edf3b2f530cb5718fb29ffd370758c2e0c36b5827017f2079f36d104718de3b55b3b66413bf50a15db6b1af5f766ab7a249187cbb09c84a24902f7d1dc4124e5d1a0b82cd33c2405557b8f5cbbaf6726340188418310d8987f5770442f3164b729ab418733e6d5ed62310be83741290d3c89b0f04c2576649d1250cd3f0c660e9f71581f001304ceb80bc54de0c1208075d6fd2117609844176429497b2d716f2e65702a179972cb94fc8e8c20be64a72f39440f815409805d487641b6e188b52cd3bd28accde9dfe874876ed51858b0d517dc85ee393e7e1dc65b7a9f69ce44a3567aafe259add4b871678cc4354e303d66988be746aeafcb4fbaa77e9b6a6b677d97bd53d3d77f809175f1aca81d6da7efd4a22a42c0cb1970d08bffecadec5500db25e4aca6938884b4e138b83d6bce55f1f1e81f001604275cd1b74df22fd7ec577c295f790c4329682dd7b924d44ff081120e8f61ff4fea12c7d78fbd547c2af6f3f80b630d6ee1f82ee01a336ea1fdef9b54ef3f0ee751dd8bb7214781f5f6b05fd7be1c35adb0b0e1baaa9f7f161cf62980df942c861177fed590cd0f3344f9d507b9e06f44cd45327d49e89023dd766c88f7938f5177c1eeacfb5819e4d3409ffe20fc885507b3691c75ebaf2471f083fc209f5e74bd95f53b7107e5fa3eab49169525dbbf61d4e98d69f1106bc6e3120fcb0463511f5146f85e6d2f0da0778b7d4172e80cfea9baaff4d4538a722ae502540e1bfe13ede7c561ff2be8529f9139d339d9b5b99a3cbf0c29f38f4aa087f6766d0167f67cac1950ede99e13211b913729a86d077d70692b813c2efa90ddf5d03ee76a929f48d6f5613fe06777f96f70fa15bb20aea30e54cc861905ade21657f0fd8d21e3622ce2d3d738e802bcf96707e35bcc6a14796f780d9dfe5b6b4f71147b8f2ecd933279239f4392ef88739a46c23ef72b3bf8f3f24dcc41911d9d0c958988f0d13426efb1a1a791f1fb0d9de4012d1883616159060420e9e74644f05f67d312c2d6ee232370d660cd1e9b321e0df1c4c38b62f468a433d2d628da8e13c0bce993f0fcf05d50f963097231372d8f43e941a21e4e24d37f13151437cb6a425dd732bc6ffb0809f7898706c7f1af63d86ac8dbec6d75006d5504bd81a2abcf69ac33aa26d8f21e67da2ac1209f9f7dc929571091b0991fee23046edfb4401f6fab2364bcaddd0e83486e712a9440c7fe3f1c776d8eb8bc7a2222128ea8ca83c5c410522a942e4120a1df76be3b1e4c6233de590900ace7beef1589012d43529186298c3fa93e0bc6f2297e51a55df591eea36f9c2dfb99ca2e5bcf725fbfea563fa4eb7eee604b8c60710b37f29600fda5189dfe916deec807f7302c4ed410bd94778f417bca65c791b03fcc423d2abc2ed230cd80b7a4cf2e60bcf93311c7ec1254c08a4bda0b9195190eb1f3d4ec6f0da47e00deda1f0fb7973291375c9e2876f5ede710a7ffb2072fbdd843dd921fbeadb7e4f9adea7221f0a7aa464ec3793f6d5879c8d60ff4de2f77fa900d73ef23c149b7c3602ec7c0b8b443114abb62ba97fdc19fffd275a69576321c8c6c856b99c6f0139a364285188555ba5445ecdeffff9ecc287aea9e513a55635063fbd0329347eee2acf73664cbe50b5d59e999949b4b509f1fc47dced265469fcf85c9bfead04babeddaa861ee19c19f0f1aa6268bd559a5195e82feb84c1e078cd34a7d751c1a04eb8dc4f68df28b5d6a18cee670541cf7b12d6db3adfcc4cfe2a6212eab77ead323ed309235779e33ba5f63a68acd29cf70439b34b14ab269e4a781d1d2174924e18bdce0fbf56aab2fb1caa33bb2077a2aaed198bf2fab9441484814edefac57695b50374e7ae319f9d176bcd8c285fa3262ce647bfda625b3492cb7467e731dd6c430eb494182364b52172522516b74a7dfe21cb1996e2b80155c29c4ef81381f0279df03a6ffb762be61db1e004c3e51c52d583daba3893bfd1c70c9150bb227a63279cf1ec55bd9c43eaf12c5931d42ad97b3893a8e8c1f7b7152ce0ca6fda15914ac2e1fba596a791eaed2c594fe7018b310703aa84b7fab4204c44631a2ab74e84c88c5e46aab7f380bd9ce93c120347118de0841fa6fa200d64300da8b191b61b5ecf74f6702e7715d73d14f20364231a26747234a6a843a3e773b9a9cf56c703ce24aa4616fc1b86509f85811466907a41f47eb63a9a1c144b1aa2bc8eef1b422c186d398f53638c060a04c0999975d97da4ca59cc242412d224a86440e46bccb69c104dc000c9841aa26b371cd2511a428a426a1de7640ce5cd72d421ec1bc1de9eb28dabb4eed60d7bc94449e8fa7c34d68b0e8cd81a4c8fb1a8684442a4488b6c42d5a392bba13eebcc48182892104582931920f6878d7d1e32ae7c1e7edc77034422068dd8f8ba8517c240073f07c4987bcf906e2cad3dfffca3aacfcf2d9fdd50b54208fdf2f8e1b1de08a3395cd3a2ec36443525dad7b840a5b57fdda630211aa858872ae648edbb130652395c3dec3a7d0688cef9a2d63a25209ad0985e48397ceb748408d1f9af478e13d6ce95ae96316d2f5f8dd79478ad3b76437405742744884e2dbbba512be3adc3e20252ed36410d884951dd012908518a6af3a8a85ea20754c7d8953d6265ae28c7b921875a2a864d46bd113a050dea316a2026dafdc24893857edb830135d902bf4b98f04218288cde3af134464dc87cfef6a696598e2c676a37b7f9bc47bc19db3895a5826bbfe90903f1911c35e46d7c0d2011a526afd633bedeb22e3cc81552aae69d3090c95a5aa748667c91357bcb12926d26c280521efef99c572dfc577b3890caf872899530103133389a7cd427993351ee600b5e0061205a10b589207a7733bc54d208436281224a3010aa8be131d5844c7e828b12aa11638e4bdb7c0803a945411627350b55b545595874cf63d8095164ac4c6e16aaaa560a1e7bec9530a078c896b90b65f19e4628136120d599d8444c543bde46281ba19a334fc48cc880b4511e4a184879aa7b38f1a11accbb01590951ed7a5d725903e4ac7ce91a5747fb4388182b8f68c644a2c2c8072044f5c6ade7128f11af7d4b594770264495719f72210904d8ee5355babe10a26cbcdff6773ee6db7d0f59367f42341d0b576d867a9d4e897cfbaac03c013911223bc66f5abe3026f2ad9b38cc7e7c085159a5e4d6b93326f2ebd78a8722092b1e84aae2fd7c829b67452de5fb00f739225e84ea0afd6d7b8603246aa27d7b0d1f9da6f8112265aefbeb2590291389d27aff9a25fdc48a2b2152fcfaeab695609a95e85baddbab6b5ea3d3146f42e477320544d9f6342dd589d74674850c0fdf322afe84aa224abc78d347b674e554d990edfa37c5b8c26fee59e50fa1aad4b292a9ddf4ab6d6399dbcaaafd4ffbbc5deddfd432ca3253614425ff087545a3d154a696bbb9aadf56d7dbea2256a9dd5e5fafded6af6e723525857eee730ffe0ff5cd8a6837e239f30000000049454e44ae426082),
(9, 'another new room', 'im running out of ideas here', NULL);

-- --------------------------------------------------------

--
-- Table structure for table `messages`
--

CREATE TABLE `messages` (
  `message_id` int(11) NOT NULL,
  `chatroom_id` int(11) NOT NULL,
  `user_id` int(11) NOT NULL,
  `message_text` varchar(255) DEFAULT NULL,
  `message_image` blob DEFAULT NULL,
  `message_time` datetime NOT NULL
) ENGINE=InnoDB DEFAULT CHARSET=utf8mb4;

--
-- Dumping data for table `messages`
--

INSERT INTO `messages` (`message_id`, `chatroom_id`, `user_id`, `message_text`, `message_image`, `message_time`) VALUES
(10, 1, 5, 'Hello', NULL, '2022-05-22 18:17:25'),
(11, 1, 4, 'It\'s me!', NULL, '2022-05-22 18:17:25'),
(12, 1, 5, 'From over here!', NULL, '2022-05-22 18:17:25'),
(13, 1, 5, 'Can you see me?', NULL, '2022-05-22 18:17:25'),
(14, 1, 5, 'I may be lost!', NULL, '2022-05-22 18:17:25'),
(15, 2, 6, 'Hello', NULL, '2022-05-22 18:17:25'),
(16, 2, 5, 'It\'s me!', NULL, '2022-05-22 18:17:25'),
(17, 2, 7, 'From over here!', NULL, '2022-05-22 18:17:25'),
(18, 2, 5, 'Can you see me?', NULL, '2022-05-22 18:17:25'),
(19, 2, 4, 'I may be lost!', NULL, '2022-05-22 18:17:25'),
(20, 3, 5, 'Hello', NULL, '2022-05-22 18:17:25'),
(21, 3, 6, 'It\'s me!', NULL, '2022-05-22 18:17:25'),
(22, 3, 7, 'From over here!', NULL, '2022-05-22 18:17:25'),
(23, 3, 4, 'Can you see me?', NULL, '2022-05-22 18:17:25'),
(24, 3, 5, 'I may be lost!', NULL, '2022-05-22 18:17:25'),
(25, 1, 8, 'Hello everyone', NULL, '0000-00-00 00:00:00'),
(26, 1, 8, 'Hello everyone', NULL, '0000-00-00 00:00:00');

-- --------------------------------------------------------

--
-- Table structure for table `users`
--

CREATE TABLE `users` (
  `user_id` int(11) NOT NULL,
  `user_name` varchar(255) NOT NULL,
  `user_password` varchar(255) NOT NULL,
  `user_image` blob DEFAULT NULL
) ENGINE=InnoDB DEFAULT CHARSET=utf8mb4;

--
-- Dumping data for table `users`
--

INSERT INTO `users` (`user_id`, `user_name`, `user_password`, `user_image`) VALUES
(4, 'test2', 'a1159e9df3670d549d04524532629f5477ceb7deec9b45e47e8c009506ecb2c8', ''),
(5, 'Test', 'a1159e9df3670d549d04524532629f5477ceb7deec9b45e47e8c009506ecb2c8', ''),
(6, 'Hackerman9000', 'a1159e9df3670d549d04524532629f5477ceb7deec9b45e47e8c009506ecb2c8', ''),
(7, 'CoolGuy47', 'a1159e9df3670d549d04524532629f5477ceb7deec9b45e47e8c009506ecb2c8', ''),
(8, 'DBH', 'a1159e9df3670d549d04524532629f5477ceb7deec9b45e47e8c009506ecb2c8', 0xffd8ffe000104a46494600010100000100010000ffdb0043000201010101010201010102020202020403020202020504040304060506060605060606070908060709070606080b08090a0a0a0a0a06080b0c0b0a0c090a0a0affdb004301020202020202050303050a0706070a0a0a0a0a0a0a0a0a0a0a0a0a0a0a0a0a0a0a0a0a0a0a0a0a0a0a0a0a0a0a0a0a0a0a0a0a0a0a0a0a0a0a0a0a0a0a0a0a0affc20011080100010003012200021101031101ffc4001d000001040301010000000000000000000004030506020701080009ffc4001b01000203010101000000000000000000000302040100050607ffda000c03010002100310000001e035fcfa13b0f9fbc8461dc8f55a3b6906b5c776fb6ba8fedef574c9e9f19758d379297bac614cae255635a4d99a9d8f6f7bd98fcf7ad9a7cfda5663d3feaad87520d6cc02cae3a5155f985fd1fc9da8235d3a20d45685f5d2d61e7d79a3304df9b491e52d099ab7726a4adec84d5d6484595b62b6ccdb8cd5e37bd5f3a9a4eaaca7b5ed5bd5ad574627e61303cfac4fbb79252a33249ade654af7d6ce5db114e7d2c7683f478dea4aa4d5a4ba8ad6a5d5b55a462376c656ca326176ecbb8654aa69252b2eaa575751353cb7a8ec8a3a60f9f192456a87944c46aeaf5b6acae2bd6ee95e77508602c6a6723ec8f14baaaaead587e2536b47ca56f59516f6aa62cc9d19d78e7db4d5d4da77abdfaab55d18e451f287d216092ada29ada0992f2893557b2b9ef23c88f879cc5724b5cd40c5b50a4cc5b515577740a44234e926ba0d93d5d2b5db4b937dae2bf6bca5b5aa4add14ad55d68e48a3650de4d1993e5dfaca47922555cf2cb92f0476a70c4c8611db3025d1a910b641cd8bd5bda226ef693f6aafc95d2bb4d3511c88885373d632a2f542d1448ed92f7935d7607c62305795456608c8a9bbc7909bfb0309c1e7784ee5c5cb4eb1074893a52614d085755e2cbe1c8fcd6530c8ae96d48246a778140c0ed5066778fde87d1c920c810a4d5d438ce03de418e431f38089bc26761646feac7929204a2da2093cbfcb87ec830fc871fa198234fcebc3f4dce8cb99f15f4b96dce6dae648b4db68a40ca0c849258d32462a730dc238f0cda9a131938f22a48aa325d256b77a8bca62c78e4e41c7b9086c9ad75e14b15adf23cf413c08e041b8f406297653ca6b69844e928b1f58f222a238468d19971965d6f911f1419398c9e3258ee4f1e389772677e72316b578a04684a6d5ebfb55bd1894460e12f2163a9ea39aa0844395a89f416349559fb34b8f0a4a3e5be76caf1058ed799f8f64e6e66596dc6a38a6f5e34634c97cee925a4174b21b0a64748002fd9048b88b20cea0913dbe1f5f2640e578c6e4c8b1200a9975d48c56610f3817c8b8fb2404990ba2a616beee45e1f279e26735ad66d5c65cadd37ca594c2b8de45379484f8a63dd1517c4c3d901d99071835f636542264c1640324e5b64af13dec2e2ec46f453341914360fa5667a06546811289676251f9571af6ff0025747c6c7f35e14ecd379b9273dc8704b7a0b3e31ae5e436f95a657ce88e71cc8209c61ce702735aae62d5a2dbb6428098e891c289be5e2e5714e96f38648c231bd89529629acae5bba42b843f40f05a64c7ee53d7b0ce8f35750f31f47c7bde59c4ec3d7f042daf514cdfb7b7449020468e3cfa042dc5e817cc033d8cf926b8f2a33cc71db03d32fa6ae1687d2769ec7b517dc60001a273d4f22e4f8238c2f4884adaa571fb3724b3617a06d31c2c92c3e3fec1e3beb7842d918b2576be7033778c8dd50bcad0d14518b49e3061b808d141c998cf25160424e94b1459ae792db5e79bda2dc87701faa95732b733cae74aa6893e8a5dccb970fd155f07768fd228d0ca076084e95a74f91bae392bade0f1fcc21b21ef7cb8e61914710b39163b2e074c040f14820053c3788075ff002276092064a90bc3e5af3fe2fcff00c47cbf6123c681ee473489833e48498eee49b872fdb10578a8fd421cc7381d2b108a829ca257b3305c9dd67c99d5f038fa4b1a74effca65916484590e1b6db3429c9101301da7e0da512c53e430ca917e9439fcebf0d32ae114440f41fa4b0b318197a45819689e87a11c79bd50f47a74be5bb8a575593c9b6591d6fee49f29badf7c8dbbaeafe4edc3a679affc4002e1000000602020103030305010100000000010200040305061107122110143413153122174108351636203225ffda00080101000105028e334a7f64e57b272bd9395ec9caf64e5031742bd83a5ec9caf64e57b272bd93905ec9caf66e10b49ca8193915ec1d0a06b38af62e97b59d7b371bf64e17b272bd939415cec57db9e2fb6bc5f6d78bedcf17dbddafb7bb5246788ecbe487fc785e176040b4843d29f10c92fe12636c5b4a7aaacd92aeb97d92b4e12e324d39a5b26a515af50f28106ca3dc57715dd7d4427d27c3b74cfe407a0f6036857d45f510c82beb0a094551d0dc65168e31ac1b8ca3bdccb22ca146540881b40883a4438945f5332b42d8543dac37a1501bd7ca1f2bf1e8f3e4b2f93e826432e908efd07d38eb8f720e4ac8734c871be25a58e2f248d10ba4422004054008a088084b1ca4bca292a8dada05b5bdafc00a2a01f479f2597c9f4ea848841141695353d96416992bfa5fe9e702009669484448d1488088a440080bb45051aebe049198b6f566a97db423b40283ca041e9d53cf92cbe4ed755a43e9a5a5c13495d81e2f7f74f729bb8a344222c68a54045d10156969028cc8c1b5795c5b562223b51a01f053201420b49efc967f27d07cad20f4c2b177b9b655fd42656d677d111108a32a21114368a45d5696bd4a2bba03081b25ae06567d417805e16c16fd5efc9621b7431a122d2d2d2d2fe9e6a5be3d88bb752d93f88aa32a21514a8088a45d1095696bd7684565a4ef5fa5d9008a001400614108aea1b7c1a74c3e5215a5d50fa7247d4e3fe1a849a519546088545044051950950a32d6d1bc20f20b6af4bf529fd75a408074b5b561f2eb7e618ba5f95a421e9c4f8a7f9af2173b64c192e7f1028c1101101151011410a302fe441183687d0559009ab03d03d0576d0f7da7c3b755df3047b8f5460d232e9a1fe96b079a2266f5ac99e47180a222181144110144811851fc7fc0a3a14f874c44a87d086f50f29efc9aef99ad0f6da1f4e11e197fc9369cb79036afa975f52778489121410a084104688331103b90a85c1450880afe37bf4146429f8803143a15d451232e87c2da0f09e7c9aaf9e60dad2d00aea502f28de534992c37448d4190b34c9f4ee5a44f4c28aeb488e23453905002d2ea84abaa101f41461475727eb5a6202d17d23538fabcf9355f38040eba8efae90ab161f5100237e6bea9d4788b0ad7f68f48c1be26d4a48e38fdd89544fc8a3782281d8022b888500ad6d0951c88e546f0aefcc1d0a6524683c2ee0b7d48200baed3dd039a80ff00e8007912f9314118a1e8e4bf51ecec5cc42cec7b62f88d93c9eae2e203ddb7bce25bfa985d56396e6711c90a64e7dd077105ee0c081e94aa2b11457c5412c72a9011caacf45907484c1a1fd4628210da346ba2b10eaf29bfb907e4436bf5f5d23fe90245ddd94bd5316d1bb86a71d1674b8ff2654366f61cb78fc6ae7901fdc05837c8ed4f15658554cea196211911a51407115098e0774f85b3933f337901f4461bc29a34694c65e576453697742730a2ab1f9945fdd00a2b4271fa6615f4769ee8b0d693bcc654a1fae4ab918496f84d6dd2a7e3a6d5ca0c7c8dca463f495db485ec559ed6c6b6de85818f635d3343c61b44f067314079b2173ee9db0984b1caf3bb510f431569008fad87cba3fee9fcc4208a6eca41d05a1fc5693a340f2b8f6982f323becdee9ef20d264f23b237ca2bca48b2060e8267119caf244c8c2dacdf8986699a44e0b3e3111cb6154e9816119e62d8b5fa87a78a678f6fe89e530ec514a22841754087f00ac7e6507f76128f6d191444aa6fc5b8f55c75fd3b4d70df34c4b81b8de8b896edadf72d6691cc192e03ca73e1e4b3e7ac31fd0bfcab11738cd4f219ea6633a85db62f972ec77294be7be95b485f66e89ece06ada48dbf1d543a3e6fcada38802d0eb42ba2eab4b4acbe6d20eacfb9b7d8764d2c5f87f29ccab39430bc870fb9e40e55c7787eaf22c92e328b4e0c98edb9979218198ce21a4c999184528c9288c262ae29b49249632f578e4e232fe11853c38cd23a2c792e466c6209d952d5b4c4ea091b6c9acdf71a3e885f57bdaf9403d040575421a565f32943765142b00e30bae43b475c138560ec705aa2b787fa87c9e8b30e5e9deba7cf48ea4897163cf6dc95ca7132a8c8c3875ccef18d30815d63d1f59aa5e4f356630e585b175efe52f63c81d54d378b575a1c0eb81dc6688249336bc07ef2bdc7d37f03a0129e58668ed713a274abf83ca66ceb851f0279c6395b54f715c91a2b58cf13fa10dda94800b816ae0c330123dfbd597317377f9035a0209af5b86c04171103579c959064b7525cd799b3c16726430a07b9515bbaa985c9e618e3217b00943a8bc980aac2c636d097de59aa06e46edb29bbff001dab0369574c02f59cc3d4ce74a096570e9adebc81457f04a8ee61395c3d8a20e4593eae618f7f77c5e85c64b90733e516d8ad2e63ca16f92562c7cbfaa30d14cb099a46d9c662488f9dfdb000630b6883ebda19141d9d1a3f13cbe649b4ac5f108131e5bb58cd6c931e12c2ddbe437b26456b2cbd0b4ccbe8921368243c8e248a3210a500425040428aea515c85e32dc78757188626ef0bc539bf92ab732728142f9d336e01fa45631344db2b7cff00be60d8e490a45b52392953873b53b902a7f6f0b423781ddf4b0328adac69597671cb5706675c43682b1b8cb2352e80f275255c03a8e35ad2d2e82890088f2386b31e0f635361ca3cf7ca0d33dca3d34b48518748c6128b2bb89d3a65602010d80a2ba1147994f300059658539ea68247923ed57b4a8a982b98d443a2e55765c83246f08ce76c4d010aba8cc76d0a2c0632068228199851588a3c21147c8a3db2fe13730b3e4aef0d93d3175ff07147f284148224557943f80c190451445cc29c14f9933eb65676770a9298a29b46050a3805ebb69da52e7b6c18de26cca26330681111b41a131749845d537d0226840a511445fc38300c5c823bcb78b8cdbfce6481d51dbc91838288200d7a1d082105307e98874784a12c4243432c3fa82b588ba99ab724453b68dc376f17b9397da53b6ce7353656fe86bfa43041e20804005bf608a03a6f0181109a4080508a313b0725c314199b39e46aeb918904f92d83c91a4a43c56117f3f94605a462a39518bd45a0fe8774b1bb4d99ce47ac2189b16230a8a129867b76146cb2ecbacf2b755ed3b4acdb94848630d13ca21542451174050f1db4b68c8c3a5c9bfeea51d0fb999fb1bdfd50b1752b2948682c62300944411811c148a4ff00c506254770cd871b634ac78e30eba60df82ec81cdb4d4b54f2c790c91858da585a4f09163edbea4f091461b12147442a88be230d20f40f2bf85c99feeaaa24d46e2219e1ea009a4d2359209dbd8c72c278d18119191ff1c5d72cec31f6320092332e4fcac5ac198dc16c1e9cea1209858b391c1aaab4ad238a35146a326914aa20d047e00be17e100ed0a32e4dff007558fb433d94bffa705e8e4109a589565895fc3336462231518162793bbc46df19ba656f5f7d97b0c6d9e6d91b869118da4cab4ef137a230998318e02424da8cba5114514a2884145045015fc6d147484768fb05c99feea995bd857c7f757db3b896437d79410399813778e5b2fbdd923dabe388be742bdd4cbdc4a2a8b3ccb7196639b64bd9dd9bd7ce46538a8edec2212e4b72541976405419ae480833aca017ee0658bf7172f5fb91992fdcbcd1072766c0bf73f3605fb9d9b0afdcecd97ee866ebf7373556766f6ddeff00ffc4003c11000103020304050809050100000000000102000311042112053141101332510691143361d17181c1f0222342a1b1d215b20717526272e135c2ffda0008010301013f018e30b0f9097e1d2fc3a1f210f9086628c6f79236111be425f250f9287e1d0fc3c6fc3c6e589284d4383a0c9750eaeb4dacacaf66c74007118306ac3af19fa0e0e870a074a35ab3ab2eee0070a3230618228ebc060ee3a0e01543a503183915913569140c71c7851a462ebc312e7072383143a3dee6c560701c00ab0cec7b9ec3c43b83f46e0e83c0b2a09152c1cebccc30c3d8c0c386e7bf80abf5b9f14bb7e8709d2a50a8616a71c79d20bf09235452a773dfc36bab18974629c27e83b7f27c0868879b52ed5252a01f234d52730501ed7322107e8d59bd8583514535a203b99881383546b4b8c80b7983dee82ae7e83b6f26d2051cd44c44b845101a644c26aa6810c873075ca195fd255c9185ec6a42e3c5dd499d21237b16724965cf427049c4f73a3c470b8e83b5e830ee5004389c7a9c76a27f9b627ed2ef460a03fb7ded08528d1a33c66a92d1273802f351a944e0e1b7372b52d3b3738f49558f677c01f2931cdeac453ee1ed777a65fd8f978c81d7bbbf63dae983b8e83b5f24f48d3d77532a79bc923ed3d55fbe9ef7a8e6b995532bd81856f758e590856c231705a4f6d8c402c7739137d29e8048f5b10a6df61abad03916760dafb3d63143173e6f271e27ce7abbdcd7d25d5df3547125c372698bfc9f4abc933aa303d5fe99ec7e8d30c091ea3e9abed4767edb49b54c91484d554a1f517a7c665210379f7392fe5446a8a33f21dde6af5b9815a3064d0345048d27a99575b52b1752a5654ed7a7582eeae865c71a07ad5ca2d8274f8ba28c4f9d5f1f183b28cad7cc2d1f3a8461c68a0a3cafb709a69083fde3f4a9e9f12796143a449fb00f4b292e8d6c9cb8b45c2763e60694492aa81a614c68e5a369dff797a25ac3630aef24182055a4cb7d315afeb1a976f1e543b083eb1dee281271698a20ff0070fe5d2e303fafff002a7663359158da850ee57fb03bdc9cb956427a7d5d6d41a851ad2c8ca5c4428d1c11e40f4ed3123e9a73947b9eb7af7e603c1d98a45d7bd5e81f1e67616698e301c51269470c40388654b243fdc0a7e4e8ff0031fa54f4f9292e4dc5df15a6e04a9c1c13c77e29b24fbdc88524d0b58c1cc9a62d072ec762176765e366daae827dff001e877ba9de5f2b2ad58756e7a6d9a972834c1dbc4438d2e34e2c6c6717dbff00f908ff0031fa54ed248a29c2a4d9e67777714e80121e7a6c68d5615c2133024f5e0d779013855aee6d968cb42ec556099ab7598a46e14c7bcfc799ea7ac8be9b301403003ccedaeac23f28093ecf4b87b47a64629915f67a5a3b61a6276a17dc3d2d3db6d253f517dc9fc4d1dbbd1c7d45f727f13fe40d1ebd05f727f13fe40d23fa17dc9fc4fb4fda7b0d6ac530c09502155c69d446e27adfffc4002f110002010205030205030500000000000001000203112104121013314132055181223371d11534611442a1b1f0ffda0008010201013f01a950c0bcd279e4f3cde693cb244ea10eb9bc951e593cb27964f3cde7a8f3d469d494ce2d6f243a4b60d9d1c7d7ab2372df6ea9c36b6d768f935bcb6c6e9c588d11d5b5deedd071da5b1da879358da6defb42379332094edddc0b6d8f4463b601a3e4d7f36f6434b0893b1d8bdd0df046212936db2fe6e63cd1662354ac19c78e988b764f67ab2427aed7490d9a22d3731e6dda32113629806674caccaa088c5d513df6b145d019746fb5da26f2735f5037416754d2b00d6a80dca279e8ced6bfc1a52a96f9c5be29eb820d4b3acd9128b53c08621ebb50169b9bfa8c8e2d1bcaa00d795ea144255a183235a22ce24b188d0d3a928f544e33c03423a4dcb527015349eed9bbddcb79b9bfaa1939584c48492294300316361507c5d31650a731621a94f8a46280c458dda9578222324d6e7ccf2760c2a539e112dedb65fc9ce7d47408c00fee2c088da2103b358ca0011d539b84b0960f3d088eacaa9afdb6a54c1c4b5a52cc57c18d18c29e909a60a2a4e907faba8e43306ad4b11d9ccc7556f83c6355cb1c0dd0d7178e0e28b760886281a712e66be9a7a4392a3f2f27bb565a459387cc594afb7a59bd73f66a137fe36166205d31d4ce948178ca74405cb2a84cb5cba06a6b3f29f2926d4e360c8e2d59f6099636499767d231cc1fb353cedeed8c3af4638b7dae1a83486accc8b730fe4fb397ca981e5ab8cbfd35ea5cdd94aece4df145c87d23f707edf86a0c2ec00d362c81a470e8c4dc6d174ea0d484255f8e1dbab4e8d2a5886bd4022ccdd29bd9b3e2fa4fee4fdbf0cc131c18c0874a68c84af1440ed5798c6d0ead0cb70c6cca9d53d1964ebcbb84fa756f709f4bcc13d427d2b327b8ff003f87f48ccfb8ff00be0fe9198bf50e4723572d54ca44747fffc4004e100001020304040906080e0201050000000102030011042112053113514110228161a120b1327133069114302352d16242c135245372d282a4e11563a3b3073492a2b2837343162593c2f0f2ffda0008010100063f02b8816c787cf1e1f3c787cf1e1f3c787cf1637cf1e173c787cf1e1f3c787cf1e1f3c787cf1d8e78b5be78f0f9e3c3e7116371e173c7639e25a3e78f0f9e3c3e78f0f9e2c6c7f588f0bcca11e17f708f0bfb84785fdc23c2e711e17388b8b16c27a36efb77d90aa9c2b0879d65bf12a2ec9b4f7acf044686b7170e2d3db6e891a4977a8c93d71ec9a7e5fac747cc23f979fde598ecad3f7571362b7fad117d4c5e4fbcdf0874f38cfa2a309de2596d8cfa194650d60d80e1ee54d53ca936d3639f90729b0434bf296a1bc771a95e386533a3d1698ec0ea85ab3958243670a10de2356114ed26eb1474c8d1b2d0d494889746c313580d39f6ada7ac6d8faca3827b2e24cd27d5aa13ea5380600da6776fbefba780ca3de30bfe1eff000c1cbf883e9bb8be34ab56af8a360ee1cf69378da4e6a399f52597db0b6d5da49db01d6d456c2cf017abe29e5e959d05427d43182e0f48a7ea6a5c0865a4fca27abbe0f91180689ec73116bff52abdb329f3dd009bbabbcc29f7dd2b52ccd4a56df56597dbbe8558a49da2154f7af366d697ef27d4aa13ea2aff008c9e5134d970a56d60887159ca61c5c87f4f12b5c3f8e57ac971e5936a8990e3f5a5909f6a8e133dfab8fe0f52a84f4e87c96a01ed2b2a020a87c84e6a5712413c514fe43f93e422870e6034da10a32094d9ae4729717aebc20a9a02e3fed1006cd63cfea15098cfa58e7f152b926fb69f42c39577b2a226b5f3a6d1a9421ec41f5de53ab2667d7b4efb8e91e71f9b76519089c6716c4a142132e9e03e41de5a6a5d60d455a54909379c378a48e49a93f8be690f57389ef7920652573fe7f50ae2ea8471f574b0bf2796dde69da90aa91faa4f097cc25c70fe8167454e6e0067b2ccb9f8fd64ba1512fb23f0fcdbe7d0b614613c7d512d5d1c4ff8838ab6ba66051aa9f0faa5a44a67c4713b78374098d6a1ae55068b11555691732b299465bf3f58ff00fc4aea8b3a6a8471f574462388b6a6707a6707a43b9698fd9a7e73b211e49e02db2dd230d0f674f292793f3438ebb9dee8d86382e79e2d488b4459d37a7f64774b748741508e3eae8656f7c06bc95aa74e1cd5130db0da1d2128f662f244aced133d66676c4b46e01f15c8e129d4f789c7a734a3a20ee8ef939aa53979a257d262d473c5b6458a1ead6359023b338b008cb704a5b48dea8471f54196c323122225bb4ccf6b68d7bdac667ec955cb4ca7f1443786617465e75cb6c36246b3a872c16abdaa7abab750a094117928d93ee1d71c516b7cf130a527be2c5031c24476fa6840dab9ff00f7cf13338b37651765bd52108e3eadf2119ee54932b6265131ad314586de9a5aac75c29e59261fc368505b1535a95bcbf7d284f63e786f13731d21e5232bbc14a760105d65c6ea523dc16ca5172a585a0fc64c5f6d51ed116eb89031ae2d047718f101ef8e1a08ee8e0281de941f763211974642160f275437c7d5b8c8f240bfab646517a11c969dda1caeb97b2d63f345329b714874bee389e513909c7a357e229a679ab16dbcb9798ed8f6d8c21767fd46712c1fc9343cded72a6c9c109f25c3076adb7783e68d15653293795b75c4cb4793a000598d03899ea22034e3c9b7b214738939c130dbc0fc5319c67bb3e82f8baa1be3ea3165b3e68e3dd6c1238a16e6a90dcf5b9357bcc47cd14d42fa64a4d034afeae17cf137980679ca0fa3d32517be54ad8e0c4d44c689f4772b5404d53092b4cd2aef10ab89bbdd16e5b8436fbb9a06660ddb6e24213f3f3c687390b266154af9e56f92519efcfa0ae2ea86f8fa8c4e271c7b92984922d5708eefd120ff003187d5a059b740b3f346274b494ace892a3a29b92f64d809b0edb130b2685f1a254966e4c096794070d4896c9d9d71752fa0cb3e1089b6671761e652782f0be3bf23128b8e2626caa5641594cd236c1aba9592760d507442c6117dc3acc374b4c9bca5e4270c7a6b7754ea4aa5aba76c2f8baa1ae3ea312973458225b8ff00c714d89795988169871b4adba4a3b56a4fc65649e29e709aef283c96614e5c953d369d45e7c8e4bde7314ee507929434411455659a5a642943c23206f1254766cccc3ef52bc53a16d32524f1fc30ed256511a869d06642b8409eb8551b3833ba5f46ba94b8d090328652ce10d7a784494528bb256b989434d38eadf60d8e690cd488457533a16db899a5435436754e27bd77c0ecc49fe0c93795dd17aa7b6ff0dd1dfb3cd0d34d26ca5515b8af8b2fcf14ab4fc92b1e797c1bb28b7a2be2ea86cf7f54493e7dd3309c4f0c2ca748a3a069e51495a466a9c880229f01c7e81ba7a87e992b69b65c0b9a4aeece636ce709f27f07437578a8650134e499204ac539f067d70f6358d624aa97ddcd6bf923dd1a8724604e22466f3a9b795a58f9e2bd4dd3cbeb2abd249984df9027925af5ee0f3c9bceac589d5179c3c51d93e68a8f26de54c29b2ed3027e50cd3c7f3411eedbd0453ec5b8018d1afc1bda47459e0a321c6651a77d3252ad87ab5fbba57786eaf5c85820b18a4e4f8372e9b5076417708ab4d427ecd62e2be08f47aea55b4ad4a1d25f1754376cb3ea895eb4c3986e0d56d2340d85bef3fd9489f24e6612711ac7715c45eb196dde0363e35d4dbe730858b10da248e48c37ff001cc4054a6858430fbcc9e08702d4bb15b61cadaba85baeb8abce38b36a8c5a671825625c0909ad1789d46c3cd15b4e30466aa8716a469f34eb1204898bc3945b672c0c4700aa456d1226b7117aeb8d721073d96c0555d02af2ad179ab60547e89247bfa23210dd3228482e766f26e8845430905d695796ea721c93db0e2be2c096f0841e148f141ae527f9a558259349981e73330109b0016c7e8ea75fb267b441cd50d2c7bfb37686a594b88f7162705d66f532f5356a7fa7f3c69316c74b6e287012db3d9ef99e689e1f8f30e0fd6b451f0c1b94adbb2fb3745be789bf82d4f7a5a247342d0e20a4894c11c90d0efea31642fca1c513a373115e94cc708b79369eb57e3c3b8ad7706f19aca9562503e60215e447911545bc2d22555549042aa8eafb9d7dd0dbc25ec69dd5f99b31c5bb05c3eb890dbb5576636120cb9e51e818b39a4f4052e9d56ea32f9a34d43545b5fca29b0c2052e305651969913834af6374c949d4ccc8d7087713c49faad11e0a546ea7cdb62e3624910b78fcaca2ddca7dd324a44cc21123a5ae72e8b3c34fff009b634813217425b1a903282a4a87a43c2eb499e5cbc5b801694e712dda64a880d9b0f2c5d52cac72c5d5d84c494e84f718b1f98d422ad729763f76986bf1bfc4c52e054ea91a8764a54fb09cd4ae24ccf146138ce12c2154d565d6d96019684a6c6c8fc5979a1bc26952ba464a3eb5272d78fe0f26ec52a0a8a74384392235a8a523af7e0b50caa4b462b4ea49d474898c69bbc143f493a67deb262fd3aca4eb1124d6ab88c70de5f9e3da28f198e19890dc56a58000b4c695d9b74a83c149ff00b3be135af264aa812a74fb8d7bdf8dd5056e39750d22654760856272937d96127627f3e713db392444d599b4ab70a768da733aa03681608cb765baabf13fc130d1fbdfe2613e586234df5bc73ea98632b54825958bce3e7f102a5c9de2293c9bf272da2c25251e95f6ea36197c5df52c5338122a9a0dbdc19cd20cf7e1750f2eea1bc41952d4760be2316d2a7b5883b397df544c28459bac8b775e7dc099e435c053a928652782deb8f45bbf54a51edca467f178faa3d22ef6f2e410d60148e5d5d55aecb6363e13d5bbd29cd9d889eed32b35e512e84e2ac7fc7fbb4c6154f8e7f2b79d5bc27dabad2d52e394a1a63037d46870f616d0505705e5a8f094392c03a734e632852c2fb5c233d7b62c895e8cf715294001993069b0945f57daab21ddae3d2eb96544fca3029a95b25f7cdc6129109a4bd329b5e73ed1506a17c515188b7e1f61afba23473b3e540013129c06d3c70251674271567ee7f82630faba8584a1b43ea5a8ec018722a6ae999d1071e52db675249981ea2f24c94322212cd400ea54a0266c305e7da52427b52b62da857fed98faa532dd5eac847d65eba8d8da728beb166d8b48000b7920f94552922f26ed2a49c91ae12a09ed2a489c3ba05dd7149d0b4ae53f9a701a6ed317071989eed2286713e8994551fb9fe098a1a7aa324546929ccff58da9bffe50e50d48f694ee96dc00e728d2a1241da0fa84fde10a61592c48c299566932dc3540481941a778f00f6c6b1aa04db3736253f2b921589e28f251a344d449b1b1096a89bbb4f4f3d0cf351f7a348a169df7444ac8ce33dd6c4ef45d9e7156d328ba91a3909fead30dd4b0a92db58524f28818d51224ce20ca1f16ed22d86df49f9368d71a7633da2247a6271a4a75843dcb92e3d16a5a293b418ba94eebca3942f12ab55c4a3e56d3c823da4daa71e1530558394eb30072c012d9138901b874eb3fd7fbb4c4e29c38b986c5d03ba137764691b3de35c699a36c488e893c90c54ad9f11841eeb22f1a51dd1fa3abb0b9707d9bcd1938df2830a455794d4c866db8bd09bc53acec10eb6c57adca66cc9152f240bfcb219416b09a49feb1dc871469f10aa2e2be4839262717e5944a2c1d3cb7d67faff769dca42f2499c1262528d2b4aef1ae2cb15b46a8b72d7d1a6f475ccb280dba9f75513dc7c95c39df68e89d62fdd4ec4f1c1a1a6326d93c2f8c775e892044b6c4b75bd2cf7d67faff00769dda10782384b30a46a30b4fc6dc1e654414ea89388e10ce26df413895382b6d5c17d9bd2be9f8619c430fa8d230f26685882f2dc0aac29f674a0edd6aeb85fd62f55559254b3981b4ee0e295246c1ae2d5c5d4f574328cbd4567faff769dc5aa47ee0567c1113d367f1445f52ad3c91da895fe683a07257b3b23f99fed11353bfd822d779a3b7cd1da85e1f81e34e30cb8abca404a4dbc93167145efd2569cc9693f042aaea9e2a5ab3328b4c4db7e5f8a22cacfd9a7e08b2bff649f823e91fd8a3e08b312fd8a3e08fa57f608f823e96fd823e08fa5ff276ff00063e98fc9dbfc18b319fc9dbfc18fa67f276ff00063e99fc9dbfc18fa67f276ff063e99fc99bfc18fa67f276ff00061788620f5f7572bcaba06c96c8ffc400261001000202010206030101000000000000011100213141516171819110b1f0a1d1c1e1f1ffda0008010100013f210939689b1eff001feefd06fd068fafc767ff003fddfd3bfdd1c93f0feea7bfc7fba9ff009dfa0d4c2edac7f77e837246fd23629d8c185c01ea34d2fbbc6be898dca5fa0feec13d3bc2f7144eb7ea37e837e83419f303fda3683e2bfb73c3f678d47ecf9bf7fecbf57eebf47eea8230d9354378fc3477a9427d8035273f89a864238b29559a87562c75b97faa42ed747f629d96e05e32edb0a270e9a7e021b933e187d69c49e3d578e12f24be9b1abc0f6fec5709362683d35e766325c73ecb172581cd540e4fcaa567da9d71eb7718b883a7c17e77c5ef6b408054cb93a5c18a60a46ac78a435ee90e6ea6ebdcb82dac06542b1792083953ca2924e0ca3c6e9f83306060b010314c15725f709a7a16314e824fd9d1a4015d3ca8bfc73ecd37124558f672c6bd88464a11cdf8df05f91f0d8ef562bf4a9845e8299d15ba8f608f3260461525da00655f14d1a94ddd8c24a188c4c9aa54ee73657aaf37a3570b259e81bb3f3735868a4883e07f1e8f15de08877fabbece43d8b0206cb42c60a988da8432e6c1c7b7c4f82fc8f86ac715d591506cd161cfb21e457cf74c03952002a81731ab5e10c206026325dade57c505d6c7538a3edc874b1f3534b92e152d1ab1fe18ff0078734a083f79b34f729d9ec226f23547b022f8afc4f82fc8f86e37c55552d0e6e5ec689c72630417ac8c81b80d13f30cc58325fad834572951e6c5cd1344ac6f8ea8685017134d53d5e511e343c8ade4bec0ac964be3bf03e0bf33e1a91462f058d847b3fa8003f8bb3399c6438208c3cc8cee1b062e1b3585ed10e6e3cdd26c7b4392eb4c269a430509897c12f28a190b4314d9de83aa968f76cdf81f16293d7e1a0695889a8e970cd5b9b3a7acd426241ce2090c6d3569a6f4271f88f6f0d9f8b273782691586ec1cd67cd59aa93663da8583897c30b585974591a2b324f2a96ef85d954c85f2a3e0b2cece73e4d65db7b0af77b30d55ecdc0541e53933d5ba1d94400d586c2d871ece78af17bb77d511ed2dfd2e275d6e17252c77c09f153c5c75a1df367d57ae6c80dd4a99bf4bb2fd4eeb2b7521af601c5777233ac63293d25fc42cc154c4044116a40fe1ab0e6c46ae0c5e4a6737b571538f6926152efbcebe2b54d36ff008229954c96022e28cdce90a0fc5e92e28e9f05fa5dd719c7475be8aae02856222ab822cb748b88f73d0c31550548d4ce08e23f5d2229374e787d29b6d660fcacd46e9c6ec655c2f6aeb2d49b1ba55374effb2e49a9f366c388b33c59f5bbd24f12b9f2be0bf73bab927c51a97d2e24d89cb64495628b2bf578357ac142ee82400831c0431ca73d2e7da971aa1aacf1150e6f86b0b2a477bbd7c9714efc5c2a977999b352a5eded58ab155d47f5c7f6906da3038b2315e589ef760fb170bf13e2fd2eebc60297171c554cfa1a562815c52ad240036d939f7786c1cacfd0350a80ea4a21ce8b6180fa6af1fcf4ad29f92eeb79d1dfb6144b239b2a26b5c5cd5445ecd57acff2e13928b977125239f4538658398aec023c19a13bf4b1d7e2fc4f82fd6eea4096404e6c72ba1d75b2a747e6a38bea7ad59cdc235c8d8170107d7f9e7076f94403897d1ce560b299f6d9d2bb0587b1285c64da72d39978545f8028feaf48c9e237a197ad07266a3d81f5a864b8f367ce84f8149b8193145273f16c728cf1480255582ced8a38c5070a4280c7c166cfe9efb2f6f31cd9093df740a5362443d930360636eab26f8d1fe544a0b0f381ff003b77afa823a02177cb960f1c85c3910b95e8a67996cf5477104963f15b916c4a43a869d58c441c2b926f2429b9ee16d03b1bd813ae5489ed939f4a5aa310be15494a4875b7fca477b7252646b34fa5938fc57d2eb67f14710578549c3c17ecf7d0f35ce31abbd249838b00f9f0415359906025b9ae726fbddb125e6e0125e3d48bf85cc70c4c0141c21cd93a8cf479107b95b1dad3043eeab36cc01e5c844fad8b15e51e6cd23fb3471611a4128dd8b1af69b4a2882e4b81ca0b21a1a895d08e9eb4814cf3af5a030e1f2327cbe94a83d35932b7c5bb66a6942357113557f6747b3c598097952ca0664c1156cc4e22a3fc2cf6de2a4f0c47e69d51918e27abfc9b8e402f6a67a31a5006e206de4ecf2a89d898149a278b1539e7376319c56e548c4c2bacdc9803dc343fcaf86956079dc64bc58e2efd22ac154b8f229cf47b8ddaf1ca941350e1b09de5c27c16c1538e1b219b3354ea38ae3217eb765515d2ec87ad3e08cf475623884425683ad1e9655b85357ccd7e2281e4a82269474bbc4cf96678b330363c292111ddd6736507869eea4b57aa4a72fa335c3c190df0b5587861acb94bcdc6d099c1fd1665207372e459547d1543cc61daef64a383a08afc315328ebd25b2c5685d93f0576f20c988f8bc1405ae6eb5338bc534632bf43b2e6570204bd2929334e82b5c272f7b84a7350b9f278b4d4cd0340e4da4603ec48aca842c382442785704f542bde37d985080651960098b363140c2e47ad199fe1d895cf52f3cd906b2b9b1fc7ea84709322cf25e3fab857fa5a90884bce3a5334ad7ab2362e65667b25201e1408cd35d7bc09c4f5ae4818a8e8c5224e4f493c802b9955c30481e6c288f33847d36f4a4e6268507f0b115ded5c4d4348f37e8765c55f6e891bc685033eb5ec7ad4018b869313702e578e69d58c32926e436e9756221e651a2090b29e0691a5f8a161e39c0c14614c4f877f0a897c594427430a10ae8b2228719812637c8e87175c936f5f525e8f38833e6b3392885021d6ce961246a0d8449d132d08b0d1c1a087ac1f3bb10060889cd9210e1e700fafed6c42c05108d70fd5eb4c1ee89e9ddea54e03d1cf83cdcb9ade20d214064bf43b2b1472dcf1de1c78a2e7f5081d00c52660ece4bba40f3f96f20e8a3d3763b812430380e0e9d02bc0cab6234da8e531244ce9d08242ae56a0482eaac351cc4eb26b95c470eb3e32246c3181b84b10e0388149320047e4cfca06213bd54e6944d138cdda3d911de5c586cc405cc43450b259d7091acdeab0c668902c6942067963e26816ebfcf0f93e8580e93ece9fdf4a246f2d1fe7af19aa51136a2cccc9bb293b28876c372c7ec257b2cfa53b9b029063bc7b3d5aa9296648f4a9197abe9a41aec106c0bce47356790864c29393e162c4ce5e0d0e214e801d8cce24d9d965d186204712e80bf972b2a7b5e62a3309c7398f9a0f5047918f38ad978160775da067b22a31fa3ae2cd56049f5879d615a40fd72c570a32c5ff003164acc066ba66c94c184753851e11a60289321e0f4a122a663d6cd8dd7a5d6fc27f07b4a9ec5fa7640a4e157258cf792f58ab94af55775723d026883f2b0a6619e5a1673fad47faa14a202f40e2c305c428d873c184c179c6d67d8e0de0b1c07973c1276a573e0a780433887bf7d288133a3c229fe939d17748c4affbc1c7e959b996e9171f01398187374ad33aa47938f2a19e71956223c68a6e0e937b8d0e293282229744585bb23b73ba2c91cf0fe29ece6b8500a3b33e2f80eb4fdbda50257f1554a3cf61e73d53e6b02097dc1a9012dd42b5223a5fc63c1d6c4ec7db3a0b314ee4b1443bb1151946702d1a2a1d2224e71470133cc293a4120f333a859965f64f88cc2c0c9d64ddc61299a23b420075f4b232164989b491b19ce6a230a19cc1778c97cb350d225e29cead52f80db642688b7e17afc145b44cea83f2e3c0d195ce21887b78541321fcabd03c175f62141d8fed97661af34c45953fe4b872f1ac5173a4f17b00f3735d0c4e3888063c32228328a194b8a3694177919dcc3c375ab969df59e1a2c4a3b712ba3c55722e030cbf69f5b99a4f1b0668b97d7c6c253eed29802c7eb612f387fc5d92d2f2bfa3b1d2bcca545eef6c73e36025d1c8939f0e0ed14cb0310fa1cfded4ddd8eee11f3df9d8f71e5ff29e04e0ae149b5899f057e082c707fcbc5d8f83779deb552d874b8562ed464de70be941909846764465277e1d2c8a51ad8bd89ac02d12ec965eb8787cf9a0e88977ba74bd10ea8379340f1775e95381970e0fefceb4601e1bff0028fdcc2601b6889352f9df45cf9531758ae52c4f853550c44bcef8c15149831fb68dccb98b6d61538a8226cadc781e0a8c58b98bc0c5002a95629dc7adc4573c9a90b93b5dc7f941798512498ed8b036f4e1bc699bd4573a2e75ce6cf89bc4e2c8bef342526f99794167c2a291c0c778a71c8715f44e44c45cbb3589ad373a476b119ffda75e3be8b32dd39c8c2ba60c16091b5533580c36673147199eb71e586a8993d3d994574cbc5a51a3a915d67030c58640c83c9cdec8087493e293d8833c643df3f59b3e6379c09d593fdc6e7a3534e1b30bddadc9cd24879ae33c3644e8186e6cae4794f47bd89f5fecee51a698cc5e01ceaed0f4029ef34725fccb1aa7d4aecbb8ff00c38a4fe5726f09db588184a6040637657fcad847ad503abc5e053a1f9acbfda8375b09df4f6f0a41c3587838da145c92ca66eb91dfa17185c8e47a3705c966b1d058a2734ec6ab2d7c3078347909895f1548210ee8320de6123b51df1cf444c122c6f2957dedb3161c902e8ce3bd969631893b1cbe717c3074f00d162d2949710b152c7826b36b8626c7019a6317fab3058659677562a677c7b404d851fd2b2a9ae1b21d8376f5c9a1d2c8703c5ff151c7b05c3ec26a8164eec1bcaa64387cb34506e6ddc620083293e2ecf68eb7101546871e852333ab28e9d14678d62914ca25a33847950de718a6a52f6a9bef766d1cd443c5a51be163a5a8d2f3b8aa5fd86371f1a7b05064491d868d539b2eed855780311e1ee58c831c95cc2c58b0dd5147884b43f43878f3b8e14644f089c2242709550649949e36407061c5115988c87f2643fca062b596a62cf77853884748dd343adb47b1ceec8c737aeac3962c6f145c707e6c820c50891cf171b3337623c2e91ef04a7d4c597cd26e7ef52ffcab59692b0cd343f128d0c3a46aae5f414123f2fd7604df1fd37f4a7f57ee15043f894452c63dd29efc279ab693951cb510579c7183060abccbe57891476fd2cfe29dd13b65a2f600685aa60eab85602d7b6098d0bcee7bf08529ba9d7a1d8803003417ffda000c030100020003000000100bd861839ab4346e3e658290adf043511a4e31f0cd527dd61b60652ebd1e02c451255456f62f0469cfef133fa1488eb1f96970e0c9ff000297c5cdd00446a25a0a0c730cd3f2505e654d3fe98886e9f75ff73170d86db9f19bc322ee17f254b938245685148e273df032ebf04205e8984051f8fc544213b9169f05aef337b9eb835ca901b106212d4e98f5fc676e8a8fb863e81a1b3517a9ec5adc79aaa13d2dbf2fb577d838de1671b17e07ce071eca5c51ce6805dcb093022ef88f9c01922746ffc40025110100020103030501010100000000000001110021314161517181d191a1c1f0b1e1f1ffda0008010301013f109fb3ade77e2b2c4b51255fde2a46569d47e3d2a50ab1eed59ab45245b06ab46ddf8f4b09abf1706afb9e960d57e2964666ce4f341a6dd9b8a66562a9187c9f4a446d409a75a95250c6337aa932acd8526c41dea053d6ab48a2c0dc3b46bcbfe53186c858c62985068234daa8962c914022a91dec8f7f4b2d4c5352dbb6ae2506f6275d2aa3601540cd56d488580528062904f5faa6539ab682426af71a515933b5916510dc6560dd410a6b9b875a9199c50477f5ad977a898b3130574d03fca06eb8b243a532968412c62948395074a538a28cd205e6c263d7e8a44d01b1fe7a5095e6618a03867be2912fb734520e2cc9355c6a9c14c2550c0d3086a33600ef716f3e9405c5c12d008c66adb21aed6008267291d332f5d663a5683785f311f54e174d9ba141e31fe5cf3ef4d54c1bd02a562c518a4255918ebf562aeff452e5500e9fe51379f7b2d20fdfed2a24f5d3fb51398b060d70fd7ee687b1ae88c5601d5cc07e7c558ec0818ce19d24531d1aa9c55c158b80eff5737dfe8b07158a4611b91de363277db7474527a653b3d0e7db8c65046e98c8eecacd85301ad5344fedba500713af09afad37289cabd5231e1abe9ddb2a08a8583497a31272762f0e2dcbb09f099a82cd752981dfea995ddfe148c48e6245b48b21baca20c64692e50e813bfcd58839aaa580427ac8f841a92c1d53679ea7b545969cc18efbbfb4b8e9eb2ba1a6c7c4ef428b656badbf7c5d08849b6a1e4a6390dea28c28e01c0760fbaa6e43d74f6aa7e72079841e639ed22a250444806324c906dd2b250b077cba98c4aec678aa744630c4a8612e2259cb3d6c33aa9415cb7b5075476b365d66158525521c8f70e8a70684e27388aade82f501cf61f90d976d069ebe7f967ba7578dfdf4a220c152b82a26584e4000de113ac6708fecd631541a54c4c569dbdcb366256e82ceb4d61d7dc1fe90729d2c689e3b03a675637dd2e7594ee2cc7edaca462832b0ff001b7ad329c275a0d1d0a16a9ef044f8ff00a964de197a1d4e7a9602c6a4886f59271604aa46ab584004abb01de437ce60cef72a8dca996647399210d5c2c606fa2984314af6b85a173f76578ceb712476f4e2b3270a7b439f6aca49d1ed72505a9b7239e2ba284b12b3c662ca150d271b10844f3d309306919d58125bb06078358da65ae880a005c3660447efc5630b230d53783794ea425e329877e2b0011de34f768d4a44d13529563b0f51e6e01f20f56e603c1eb404c030e0cc8a1069304a4c30cc8c0b4400e0c0bbc704a053e7762197c28bc03a1768a1c3546af70b4ae63b82aa069241bc5323889cdfffc40025110100020102060301010100000000000001001121314151b171d1f0819161a1c110e1ffda0008010201013f10a29316841cd097380f3dc4dd097978f3dcb4079f32e36fd870094b484bf63cf731ede7b966c7ec15d0f87bc1363cf71a80a8ca9f503fe05571374100777e0ef16e60825c78a085c437c00712c4c9f4831e9de084182b4ce3574fa9ac4116a2b719a4693105b8963a40bfe6af48207d7780d12ee578315a691d12cb8539416d2036853997b41aae2975175a2175c3b4741fa80112c5638dbe6315112dade5a5d5a3b620cbfc14222a225cb5af8769a17a57f58a9124a205b1011708d45828cc0bac2c6c8b56c168c26a4124b0e9da621faef29ac7b806a24b8554be102072c2305e91273286a0adcc1c36de66a6204c4b1e92953c3fac023ca60a9ae2c400358a6e1f0af4449afd5dee1acbaf09b85f594644668ebb40b73845085accc99748487d7689074feb14a45e031982c3431f11006d71e7e4cba87cf28bbd88a3b66060ee719186eda63e6599d1839f29672451ac2a95052e9fd259e87f586f315861b8322773af387c16cff228def33904dd8ed01c43fa1ac3d5ee5f7e7e133331d75d55fd8ae473f8d6596200e595bf48d0f439b17b046f3b1c6bcfc892706fc600c695454e49f0caf5574bfe43502f0a99ec363e605d12e300472eb5a397e1bfd4a9980955586576ed80aa98f3844c013fa25795803eadf08d2cee3db40fec502b6540348a1c9006b4a365046812ccaacb7a6a7bddf8de167d7474dfe5f331a35543a4482d82238b990c8e039b2cda05fe05fa65b131c6519a8b56545d9740e2ec77fa185c6cbf0639f2c426c0183d43756630f02204433f48acbadb9934568397fc5948445346f306e68d904199273293582590d5d382ff00ae25dce478f38c558619d61c4e64343689aaf7f38bf8c442cc4b7e5c906c7240529da352a380e4944eb72efd7ae78da625ae2eaf9d2516e2a4851ce91dadcd54c1292f978f9c36354b9bde36c315a81c1b84335050a313496dbb78e9437e6196b6cb95fb845203df68267f4ed13dc7b4b43f33da3d67cf0d0e6b165bf67b464c1461788ee1c27fffc4002610010100030002020104030101000000000111002131415161718191f0a1b1c1d1e110f1ffda0008010100013f107cf6e8160aedd70718346283afd9fbca3bfd9fbcf287edf7871d62b1b27730c4c77bc5fc098ba51fb7de6cfd9fe70e2c150f71ecfddfbc75a74be9feb827800bd7d69c5cdb4a01fedf9c61db3b92becc00a52f97ff0026778e28b40fddcfd183c3fae7edff00b72bdfd9fbcf67ecfde4a49f39fa3819d420e9bf4c1a16bb9e2c35bcc873229dccdbeb9352ff00a0ca09c5f0e48bf1caa6968f2dc134efe30153beff00f0628d1a13b9531b383acd934828dd167f6e3562bde08593cfde1b0c15d3c602444d61cffcbcb119ea02be071f20814fa1dc44d2e4ab019a2764b6b4807485a437d158019a90af127ad49ef1d220edd01f07f317f18381d5647e95feb1c2e11a00db6a766c1925a6b10a9abecc5a06f3a1ce53406f37a5f26bb8f1287c04988410fcb11d045e670014eb95d423b9802081635738fae622683defef892946ed98c527e3783ceaa626b4f7e7587c05f2606e152a772a4059baccd38d7d61d90be1fd989d2567870e92cb6282a05b1009851db85dbcc238492a81c1c2e527c85c4ec2ebb8242200024cd47c79cb9021c9dcf2c508164ae0a6087547f5c43e594157843ec421b798126234aa69e3a581f0ff00c7e308152ba866a9df6b9e85ca269dfce69e9ed8626b5e664915ab413f6e3d56bf3ffb30c90dff000cf433400078de6b9e1e1cbeb12c996e7d1902773bbffc706720b00134291000301bd450aaaac05a90160177bbf6fcaf6befde3f847ca99bd1de4c30eff299443b370cba82a7bcd8ff000c07dfc5302a302633a4db7b03d0e8c56c71a7bcad8da0000b180481826dbcc2459bf7864afd317851798a8105eb81a867b3990b68db9bdfe5ff0086966fe166b80a5e195a07e98ea1bf54ca6aedd8e2a03bc14a6ce6b3ed8e37fd0d405452a262043c6ff18666e34ac0b0e6134615aaa95ddb823610f8c01174d33197703ccf39335abd665a6b1c67737fbbf1942b98850f3e310e436fac1e877c4ca1c8342c3b1c7420d801104352879a658bc894a1135265c6797bc55531f73df4e03439cb9b9acf2cf63006c1b770cf7b37f0b30b40e98af4f8d604ae89798680cfa710f0fa308ef4e2cf3fc603604c44e9eb38010c6afe3a9ea68048a5ebc730200fc98e79df8994c1b3d19369fc608427dc3031a6fde00ddfaa67408afc611b36f73351ef1da57d4f58ff007e7c62cb45aaa0123aea03c70a942fb702f3021c4f300da0dd181b4db359b3a933477267ef991db33d59bd8cf43347a7ac405963a266c2f753ff0001a15a235e29560368c0583a5c3da819952bda1e2d6083a8cc012efdccde466fd608d1ceae3b01277367bfb323d0df6181160fc6285462c60e0cde3b767c5c876bbf6e3b01a08fce3106a101a7084081ad8766301d4deae6d89019ac4da5fd3238127b4c3214f9358d19f99ff9821dabf73387f7d7399af793d3f30c1a1127930a6baf6e203a68f9ff00784111bc0c4b6dfd307dbaa22389411080b117a540aee08ad4083cc0dbdcdb4053bf79b2bcd6a7722d81faf18e90fe196834f7337a9b98c481d79c4f71ee6177c7c61682de2b90adfa72deafd60129dc506f7de6f80c7e43f051f94c215575ef26ebf338ba401e5b86c157c7467416707f8311a1f573a8d12cf6f8cdaf677323ce532b9904a97e70307c1bc11f0f5897a8fe308429436194efe86157ba0ce150bb10eb0e09100683f8fe26486ff330e12b37316c3b7b0e601bf3e6382fc1e714a5d06d3c6300efef58476e5e60b23ee988e143d6195c87b658053717ce77d3eb122a6b18c00c4d0d4f5b1fc4f38ce85f9c839e1d335c8a74479fbb9a8357accb1444c444d972d066afe2e73e07a301a224f73b8f0b8fce3c2ddfc6255fd3ac6a9445edce8be68cd47234ba862a09f8e097b94bc276288408af01c329be5e7f7fbd66a83f4c8addbcd652c73086d735be64799827beb59489dc5a062693c659bbaf3847882c1e7200091e63def9f786c8f8c11ea325f093f85fae2bf5efe72a9797863e60b97e1328b26b0e81e98dc4b856f94cf345bd1ce4cbcdc9e60d07746b7e5954e879fb3052b46c4ddcd105dae10012b59cff00782a16324c1f00a233102161a602101a7e014f4724d785ae0944b7b4ac0d17f24cd69679dae240b2382eda35825d47a4c2803fae313a77850157c5c8d039a072f1b2600d342647666a6b047b5f3657a292a4e64100fe7021b37f39b6eef131b8b30d5f9c804bb3e7f7cc6a405e30ff003c71133b98d2c1bc9ab3788506746bfac4c1bf44cdd4f35329a0acb4048ca0a945b6df79093f780d01086dd13b0101a01d04d727e55c650acf019040470c038abe0cda6fc99bb9b930d44675d09509314e5f71539193cbb693f182911e58a5577d33cd021ef2eac006be7154c467e72b527de40525cbb013f538539d74cc34d31a3d631827c864083e479f8c2d2d96ce67d31ee0ede61bfbbce598700048aebe71158eaedc368e3bfc6368b1b143c59f9ce0c6485fc509426259b35c2771baf7befef223dd9839adff008312eaf002c9026a4103af3078c281107e1c161644d17f531fb2c816bfac0eb9f02e25437e726db906bb7e4c48e8ff0058920d677e70fa2e35463300dfd0cd036a2f7082f5dc1ae8ba14f15fc23f3959d5a5574feb0c17b4503e18f9f781846be173fde2dddc90dbf19b85c2ad9e957bfef02c0eb97fde69a1e776ae389fa727ab3c21320907fb227c238c716c8dd243edd6cfacb5f477aee5832c67fc7efde243a4d3e21d3fc3cfdf5d022324cd99e7ac363b3a63278b7f289700f4d25a0547604007718d1822eb6aa04ca00a60a2d2d310f7edc69003c67fd9912a1db55df5a7985119e5033f1feb1f3cfba8ff00789803500cff00981dc13a3803213b70fb6d301042a7acd78d9a3032f2b88d8d88484bdfe8fac0c21d841be79e6b003b3b8166335853e1e5c406d6a7778d0412a52faffee5d2b7a09dc217c3a991346a5b3222a822a25fa4ee6bc5618895ef586cb2229a3decf1891236a6af9f5cc1788ec7b89194fc60a8204340896795afbca8d75240f9d5fc8c6d732c00990b66ca7553c893bb46cb076802d8a0930aad04bc09ae86a8da5f2655e92384d8f491e15e9895c752fe79f1f89859511afed31194e2b63cdfe9e6e2f1e747797000f991c6a9ff00635dc6cf8311ff0018b10037affa74c19a60c68bed6f0b06d8e2559bd837942544f041fe99a3b1b6c6f1c3e440317a40bb8c121a7a34c59048ed9bcd2d4961a4c4ed674ffe65316c2a981c4ef2d2bd0d6b5fafe705556828a83b1e91119ce69dde05d2a23f955fdbab8a1d53e3581419893818673c73c420fe8679ed5c98c1b4b4bba4e2b7bd39acb84630593117f62a5880449492ea2953623d0111046d23899d858c9577a575c35799842c81142226851693ba02c35bcb61bb22f95f58c230291d82053d135f4608414e2087e7cff18492d1db86de8eb1f58ea7eabb70f9a0074fe1d644c8e937c4f57fc602a48cb25da3a8bf78b0402ef7fd3f3874277dcad5f8fd0656523bad986a91f26759f1a0662152fc397657f3900083777b8c89bfd72df260f073574035000196b5dff3f587e2c810bcaceb00bd819c4c88601d57f99f8300ae81b9060680a08e45dff170376372a756ff0021f8c3abddc10ddf96750b6052df584edb591e20ee0df069e316698705d6c152a5469f596fec245148d0da1edc2ad1058d57dfc3ff00ccb9228d601f1feb093c5ac5d822889dc6053691abb1ed88f31363bc1a14208a8b7df8fdd78efd2bebbd97c4fe70d2d4f898c59d8e23d79a46d8f3a694fbc7235127b13f2497ba378ab908aca86f7357bf1eb1eec83e5576bb485ddd7a33413cbd629414f018e48e5e78cd1549f196557d13790a6ecddc4843ae18b460df4fae5d0d8db71addd28b8b67624b11ff00247f3844edae1c323e9b5bf001fdb909271f35b7e8c1d1244fdfe996d54b414a582105621e85c9880834a951195aa0a15e793a22b5a2ea1357ce597a1582874d046f978df182380f9235a6196abdaa03fe710848b4745fbf8c1c53684dc7cf62f36f9f0e69406db7f18680699354f113f4f78648622122ff0072fc7ac4260618bc531f95b6b8068b5daa93ae83af1c130789504a7b690f2eb00a042ebb9cd2f5a7f84717d005e6b1a1d1dbe3030137e7197fa712a3d6450e1b2f32b087c0770dfab0169cb98c213a157f4cd5022031fcebf77236093f2bdff0616fb5cd70cb54449844996828c6ee5a074cc12180f1194216126ad1db3749a01e4a420165542152b2a36f545eeb84c3e8f9185a9d9a14796e6e84981608a2f469bd15f38c7150fc2d801489684df06b4e66408f0fb96274a18f821e83c179a4d253ce142a9f96c9fd2e6f562a57bbc028bbf59b86975dc7441c7dc68dfbd9f4e13c3c018a52e8a297beb36ac4935b075fd8172d84d13b343a18336f7b172136d88478e503edf86d870981943f1e5e73508b0a8e5aa2d0f59b8327c628b53e9c3f743344c1d4538cc9ef77768f8c32814a89cbd413461e8c15903ae3274c21113901c9f57434d80704aa001e07755650b125d89b22bb5135a3383e02ef1960bb20e6026c41e2ca3c5f1a547edb080dc208b8961cd6b342e630c507e66de4d7de3b5826bc07ac98ce51a07f38e933cc442b122f40a75c0163d06734fe27f8c2de4e7edc0ca5af708fee4c62c39cb3a3cba1b914c0102581a40fb6693643678b0a34974f06f9e4cd710b41f5260050f6a66ea2e414ed0d02348ecdd653a12097b8aaf3efab46313bdba1adf01f229944ccfaf39fd704c57bbac8513bef2c36991f9b025438453ed13222dd8008032aafc983d3774dff00a08203b80b92d4f1bb3a8ddd140a00b800db9141282104220c9114ebebc89bca5082614d0f576ab36adb96a0f7ebf6e39c78b049ab4102f8b44971665cbc94108880d514056d1bbc15d30815847113223aa42214d089e1f3ac1c9080033c12df9167c65c1710c1151809777c79e60bff0015a96e6916c063b8383726e9b2aec2f7d7ff00722c20de6ee3a21a79f3960423e7b93e6107414fe3c9ecc96c03041c6c82220ebc261608f45e83ed660aab746974b3613cbf4307043cc9e3937f9d76eb1943c271fe33cf93ad88a8276f8bce4cabc26136802e1e680be37a2712dd803418b180268b2f65422134c77fc7de0d65d1704db5bbc41d6858649b2f4eb29858ebdd7871a658f7f047638e583bbafb8de6910543969c541d479885129c21acac661ae8243489804a8d11817c6f0d6b82228351ba662ea1ba960ee2243e25e93102a417f19ee95c5e0eec4c41ddc5d3ecc123600a6a678bbe69273c9f690da924a4743ecdeb165cfd403c535281c93d180e54ae0a00a1db3653c56b8c684474265ea57c3f9c41968417f5c8118d3e2d3b8536de6b00ac108787fcc54db2351ae01b5d4f9c3503f722ddc4a133db56e31a6817467ace1692abf800b6063471dc07c542ef10842aed57957cabe70ab027ca24fb97f5cda110d3c4f05c7509b06e4e27744137d3de5bf2d27c856bb7cbe577f190d060775e3ebf6621e1bf8409fd644ccb5e878a6dfac0e5dbd920f67c651805523f05ac28791d482c317ec57e1c76ba4a0462304d3742e011375aef4cc37d4e7830b9d4a49d23aad3e6a80ce71c57c9fef2d93df3334b898e8f011883127b336068a8868dac597f2a87301925a9b51b7241aa283af07de11b11d1758b0f0058f9cb82782eb1a544211f1855113a0c98e4cd0c17f3dff132436201468da84e3673ed1737dcb882804b5ad11d3c99cd1868be0009fa33799aea5b1c114e1c1f43ab9cb2df9f8f7f1808f5d53ada5fd7f4c8213c1baff988dbc3b76971a7be0797dafcfbc3303cf25c7012f6ee62c05cd172b140883666d0b0cc2d521a60ec80add02aa1088542cc268b552e96f11155a0c60b45557beb3cb19c1e1850de5251b8009ba1a642df7905bcc607ccedd7f005fc61b067b09b30761581577e7209268207a97f5c2040f2c3ce27482f679c690948c79f9cdb41a28e996675a2e175b4a17d87b3e8f586c89d1a5afa08cf43b705399f49850853adf46a8869fb710135c01004924c5f3a4e329fadd4f0a22c39ba037bca6d1471209fddfe0cdb90771c980e87f59e2e028d86ff00784154db5f1e3201b5b5b84ab5d4d184038f99a981c1ecf97bf9ceb886d26356b126c9b4152ba44092f84ea2a4b928d50a146b402403c60a5e4f1ef01ff8c214279c9ec5b9a50b6f9c9b611dc16afc20e045bc92637e13753aa536c306f201aff543fee254670bc3f38ec6838f5fbff18b1344d0bac8b7f17db2bc3e70902bdd4a20dad5162d74d2fd02715de5a02c3448d988a68e0148ef81e8d47e1a888edd763de848ee0007310fca8eba3af8a4fcb34d34e56277565dd61fab1b24982825f4f2ff00bc3090c0383f580d340ecee5dc1142a47d73ff00b979404087264c75771576f7eb2303409a3e7b9607021ddfdfac03481368dbf589c143351ee45b71adc929323109fa00afd61eb3601f6025656d010230e06a0e91ee00d704d5710da7f38564308d9c31508496ccf2887b739e7b22f989ecd677358125f0d7e45d1dcb31a50ca0b1beaaf48f71aacfd8f315ad82ea144d8b70efd63ddf94f629775f375cc6c4920f8fcdbd1ad5c48a804025e9e017f18bb486011adba68e754d993d2da0b08eb5b53e07055e8884e8746c7e10678c48240258074f07cfce371f299fcf6e5ba4544d7ce361d759cc321ec18d0ff9c3e8497ebeb10c34ea38681c0ee22224a4e771cedaecdcde104911f2befe31f58a6b72747a90001f25d604ac2d519d950b969054d0cd88f9c41a65447d2787e78eb7882c81de4d2bf38e383f79645771db93146ef308528f71c8aa9f1848f06559e39cb412d9083f8bfd62cfbd375497f32fe7212f8de4c1297a4fbfe79ebc60b340453debf7ff0070d095d81553c24b3694d5b8524238124178836f00db34861f8693486aa79054c3dbc514aebc7d4687e0abb600ec7a019586fefc4f24e65353c1efdf30622279266d591575f3be7f58c4428103fae8d18502c004f37f9ffe6206d5d6cf59dc79e7c609d03543f8cdf918c2b59b92204b1fbcf04b282ab695dae3f4093dd5f8461498404439081d8873770bb091c4074f1dd3e2e0f3809ccf2f43f3e7116f2a2be1ce8490f382300a3eb20a8970b6adda64b741b0c4a5a044fb1c5708b032886e64aa3775e106fd03bc7e4f25467e5809aa6a8c6f7119081077d8fae7f5887ba881ae321006d36f5b82523044f60bd434ef540522a2cd1094905f720d792a3008a2dfb77954b56963f57f7bc07c48ecc2040862df9f8c4bb43970a423dc74de6a15467879c310393cfbc730ddf3e996f929de3f4c9e87896e455074fa65cbe31ed63405f293fce50d8b9be61d49af8279303ab024390c329503f183f3e9f1864e6467e81fe7143d5b1c3143ec4b852f6f728126e7ce181a12c3b5cbd429217784da756142c1c6ad074dca445b108c5da47cf8472ec22d62d48a5090dea358de46174a904a44928bc0adca0e2d942d4a62b531e7b433b05f80b57a27b604ca6885a87a7e832f56e957db8c62010923ecf26b9f79242a53c743084ea94f59413cf5dc328bbeb1f6c3c4353f6e228f0190c820ec5fe708ada9e5c07e8156bf770184bb555ca0a36bcf9cfe2e7f01e5c14f88e8d8243e687eb8038570e1e8feb196840b307b41a63f207ee67095dc96d59efe5fd3acb3ad4e07fd66e071d18461e6b88abf50c40c4268c6959440fbb07602511f6200ff006008ddbe3fac505d1f076e17a12d220eec26da9db3be5628846b1dc50f95d6872c2d06d70f2e82c70f78bd4a86d03bebf8fef184943697dff3cc282821b2ae110223aff38aac2044d7ce59b5daf867efc61914078bb4c61182f26d71d99746b1c282de6b12d63c1ef0008a8e21652a0aa5eb9a826b3916e570746740637caafe2e0c490a7ce0068224f4effce4893878c7d48919dcfe3c474d98b310f3d9f83eb1158ec53997284dd379be23f7e7091075798689ce4cfa19d1711788848314b14aea2acec412e0f78da843004e2a0808e125004a0a920d704dc3c255ebde2be481c0f43cd3f3fa6330375fc6faf9f8c9a163a3f13ebf7340d5e0287a7acf3a68bae1bc73026ab7c184240d95e7fbc4a40bb0f47eff00ac97626956542a9d6428b1e5cc46b3a69c48100e2bcbfde28349510e17b089c9c71bf873a4ee1fe8a3c49681f11d62abdc2f571cff00c22bde8c324bebfd588c14d52ff8c71848c7a7e467e30194c2152feb78e5bb2bb53fefb9e789ccdb7bfd9f192d93f778c29084d1f3247d9a4da18f2d17136d55b55735bb776820000048019707c9111fb26f1d11bc98e35bf8980c4a3abfbc7215eeecb2825c37e25ee2e11978267e38de0bf02e2b912f7215a8bdc9ae067322c719bd870738f8cdc7ff005e0e3086d0597b5cffd9);

--
-- Indexes for dumped tables
--

--
-- Indexes for table `chatrooms`
--
ALTER TABLE `chatrooms`
  ADD PRIMARY KEY (`chatroom_id`);

--
-- Indexes for table `messages`
--
ALTER TABLE `messages`
  ADD PRIMARY KEY (`message_id`),
  ADD KEY `chatroom_id` (`chatroom_id`),
  ADD KEY `user_id` (`user_id`);

--
-- Indexes for table `users`
--
ALTER TABLE `users`
  ADD PRIMARY KEY (`user_id`),
  ADD UNIQUE KEY `user_name` (`user_name`);

--
-- AUTO_INCREMENT for dumped tables
--

--
-- AUTO_INCREMENT for table `chatrooms`
--
ALTER TABLE `chatrooms`
  MODIFY `chatroom_id` int(11) NOT NULL AUTO_INCREMENT, AUTO_INCREMENT=10;

--
-- AUTO_INCREMENT for table `messages`
--
ALTER TABLE `messages`
  MODIFY `message_id` int(11) NOT NULL AUTO_INCREMENT, AUTO_INCREMENT=27;

--
-- AUTO_INCREMENT for table `users`
--
ALTER TABLE `users`
  MODIFY `user_id` int(11) NOT NULL AUTO_INCREMENT, AUTO_INCREMENT=9;

--
-- Constraints for dumped tables
--

--
-- Constraints for table `messages`
--
ALTER TABLE `messages`
  ADD CONSTRAINT `messages_ibfk_1` FOREIGN KEY (`chatroom_id`) REFERENCES `chatrooms` (`chatroom_id`) ON DELETE CASCADE ON UPDATE CASCADE,
  ADD CONSTRAINT `messages_ibfk_2` FOREIGN KEY (`user_id`) REFERENCES `users` (`user_id`) ON DELETE CASCADE ON UPDATE CASCADE;
COMMIT;

/*!40101 SET CHARACTER_SET_CLIENT=@OLD_CHARACTER_SET_CLIENT */;
/*!40101 SET CHARACTER_SET_RESULTS=@OLD_CHARACTER_SET_RESULTS */;
/*!40101 SET COLLATION_CONNECTION=@OLD_COLLATION_CONNECTION */;
